Origen,Provincia,Estadillo,Clase,Subclase,Hoja50,CoorX,CoorY,INE,Nivel1,Nivel2,Nivel3,Nivel4,Nivel5,Nivel6,FccTot,FccArb,DisEsp,ComEsp,JefeEq,Estado
34,34,2,A,NA,81,374000,4764000,166,1,NA,NA,NA,NA,NA,NA,70,1,2,24,X
34,34,3,A,NA,81,375000,4764000,166,1,NA,NA,NA,NA,NA,NA,80,1,1,24,X
34,34,4,A,NA,81,376000,4764000,166,1,NA,NA,NA,NA,NA,NA,80,1,2,24,X
34,34,5,A,NA,81,373000,4763000,166,1,NA,NA,NA,NA,NA,NA,75,1,1,24,X
34,34,6,A,NA,81,376000,4763000,166,1,NA,NA,NA,NA,NA,NA,80,1,2,24,X
34,34,7,A,NA,82,381000,4768000,166,1,NA,NA,NA,NA,NA,NA,80,1,2,20,X
34,34,8,A,NA,82,382000,4768000,166,1,NA,NA,NA,NA,NA,NA,80,1,1,20,X
34,34,9,A,NA,82,381000,4767000,166,1,NA,NA,NA,NA,NA,NA,80,1,2,20,X
34,34,10,A,NA,82,379000,4766000,166,1,NA,NA,NA,NA,NA,NA,70,1,2,20,X
34,34,13,A,NA,82,379000,4765000,166,1,NA,NA,NA,NA,NA,NA,80,1,1,20,X
34,34,14,A,NA,82,381000,4765000,166,1,NA,NA,NA,NA,NA,NA,70,1,1,20,X
34,34,15,A,NA,82,382000,4765000,166,1,NA,NA,NA,NA,NA,NA,70,1,2,20,X
34,34,16,A,NA,82,383000,4765000,166,1,NA,NA,NA,NA,NA,NA,80,1,2,20,X
34,34,17,A,NA,82,377000,4763000,166,1,NA,NA,NA,NA,NA,NA,80,1,2,20,X
34,34,18,A,NA,82,378000,4763000,166,1,NA,NA,NA,NA,NA,NA,60,1,1,20,X
34,34,19,A,NA,82,381000,4763000,166,1,NA,NA,NA,NA,NA,NA,80,1,2,20,X
34,34,20,A,NA,82,383000,4763000,166,1,NA,NA,NA,NA,NA,NA,60,1,2,20,X
34,34,21,A,NA,82,384000,4763000,166,1,NA,NA,NA,NA,NA,NA,40,1,1,20,X
34,34,22,A,NA,105,345000,4747000,199,1,NA,NA,NA,NA,NA,NA,60,1,2,24,X
34,34,23,A,NA,105,345000,4746000,199,1,NA,NA,NA,NA,NA,NA,,1,2,24,X
34,34,24,A,NA,105,346000,4746000,199,1,NA,NA,NA,NA,NA,NA,60,1,2,24,X
34,34,25,A,NA,105,348000,4746000,199,1,NA,NA,NA,NA,NA,NA,15,1,2,24,X
34,34,26,A,NA,106,372000,4762000,166,1,NA,NA,NA,NA,NA,NA,90,1,1,24,X
34,34,27,A,NA,106,374000,4762000,166,1,NA,NA,NA,NA,NA,NA,75,1,2,24,X
34,34,28,A,NA,106,376000,4762000,166,1,NA,NA,NA,NA,NA,NA,60,1,2,24,X
34,34,29,A,NA,106,373000,4761000,166,1,NA,NA,NA,NA,NA,NA,80,1,3,24,X
34,34,30,A,NA,106,374000,4761000,166,1,NA,NA,NA,NA,NA,NA,80,1,1,24,X
34,34,31,A,NA,106,375000,4761000,166,1,NA,NA,NA,NA,NA,NA,90,1,2,24,X
34,34,32,A,NA,106,373000,4760000,166,1,NA,NA,NA,NA,NA,NA,75,1,2,24,X
34,34,34,A,NA,106,374000,4759000,166,1,NA,NA,NA,NA,NA,NA,85,1,2,23,X
34,34,35,A,NA,106,375000,4759000,166,1,NA,NA,NA,NA,NA,NA,75,1,2,23,X
34,34,36,A,NA,106,376000,4759000,166,1,NA,NA,NA,NA,NA,NA,75,1,3,24,X
34,34,37,A,NA,106,376000,4758000,166,1,NA,NA,NA,NA,NA,NA,85,1,2,24,X
34,34,38,A,NA,106,361000,4757000,185,1,NA,NA,NA,NA,NA,NA,75,1,2,24,X
34,34,39,A,NA,106,362000,4757000,185,1,NA,NA,NA,NA,NA,NA,70,1,1,23,X
34,34,40,A,NA,106,367000,4757000,185,1,NA,NA,NA,NA,NA,NA,55,1,2,24,X
34,34,42,A,NA,106,376000,4757000,166,1,NA,NA,NA,NA,NA,NA,85,1,2,24,X
34,34,43,A,NA,106,363000,4756000,185,1,NA,NA,NA,NA,NA,NA,70,1,1,24,X
34,34,44,A,NA,106,364000,4756000,185,1,NA,NA,NA,NA,NA,NA,70,1,1,24,X
34,34,46,A,NA,106,376000,4756000,134,1,NA,NA,NA,NA,NA,NA,90,1,3,24,X
34,34,47,A,NA,106,369000,4755000,56,1,NA,NA,NA,NA,NA,NA,65,1,1,24,X
34,34,49,A,NA,106,370000,4754000,56,1,NA,NA,NA,NA,NA,NA,70,1,1,24,X
34,34,50,A,NA,106,372000,4754000,56,1,NA,NA,NA,NA,NA,NA,45,1,2,24,X
34,34,51,A,NA,106,374000,4753000,56,1,NA,NA,NA,NA,NA,NA,65,1,2,24,X
34,34,52,A,NA,106,355000,4752000,199,1,NA,NA,NA,NA,NA,NA,80,1,2,24,X
34,34,53,A,NA,106,356000,4752000,199,1,NA,NA,NA,NA,NA,NA,65,1,2,24,X
34,34,54,A,NA,106,358000,4752000,199,1,NA,NA,NA,NA,NA,NA,65,1,2,24,X
34,34,56,A,NA,106,370000,4752000,56,1,NA,NA,NA,NA,NA,NA,70,1,1,24,X
34,34,57,A,NA,106,372000,4752000,56,1,NA,NA,NA,NA,NA,NA,55,1,1,24,X
34,34,58,A,NA,106,359000,4751000,199,1,NA,NA,NA,NA,NA,NA,75,1,2,24,X
34,34,59,A,NA,106,360000,4751000,199,1,NA,NA,NA,NA,NA,NA,50,1,1,24,X
34,34,60,A,NA,106,366000,4751000,56,1,NA,NA,NA,NA,NA,NA,75,1,1,24,X
34,34,61,A,NA,106,349000,4750000,199,1,NA,NA,NA,NA,NA,NA,15,1,1,24,X
34,34,62,A,NA,106,358000,4750000,199,1,NA,NA,NA,NA,NA,NA,85,1,1,24,X
34,34,63,A,NA,106,361000,4750000,199,1,NA,NA,NA,NA,NA,NA,65,1,1,24,X
34,34,64,A,NA,106,362000,4750000,199,1,NA,NA,NA,NA,NA,NA,10,1,2,24,X
34,34,65,A,NA,106,363000,4750000,185,1,NA,NA,NA,NA,NA,NA,70,1,1,14,X
34,34,66,A,NA,106,366000,4750000,56,1,NA,NA,NA,NA,NA,NA,75,1,3,24,X
34,34,67,A,NA,106,374000,4750000,56,1,NA,NA,NA,NA,NA,NA,85,1,1,24,X
34,34,68,A,NA,106,349000,4749000,199,1,NA,NA,NA,NA,NA,NA,45,1,2,24,X
34,34,69,A,NA,106,350000,4749000,199,1,NA,NA,NA,NA,NA,NA,65,1,2,24,X
34,34,70,A,NA,106,356000,4749000,199,1,NA,NA,NA,NA,NA,NA,,1,1,24,X
34,34,71,A,NA,106,357000,4749000,199,1,NA,NA,NA,NA,NA,NA,80,1,1,24,X
34,34,72,A,NA,106,358000,4749000,199,1,NA,NA,NA,NA,NA,NA,85,1,1,24,X
34,34,73,A,NA,106,360000,4749000,199,1,NA,NA,NA,NA,NA,NA,,1,1,24,X
34,34,74,A,NA,106,363000,4749000,185,1,NA,NA,NA,NA,NA,NA,70,1,1,24,X
34,34,75,A,NA,106,364000,4749000,185,1,NA,NA,NA,NA,NA,NA,10,1,2,24,X
34,34,76,A,NA,106,366000,4749000,56,1,NA,NA,NA,NA,NA,NA,75,1,1,24,X
34,34,77,A,NA,106,349000,4748000,199,1,NA,NA,NA,NA,NA,NA,35,1,2,24,X
34,34,78,A,NA,106,350000,4748000,199,1,NA,NA,NA,NA,NA,NA,35,1,2,24,X
34,34,79,A,NA,106,356000,4748000,199,1,NA,NA,NA,NA,NA,NA,80,1,1,24,X
34,34,80,A,NA,106,357000,4748000,199,1,NA,NA,NA,NA,NA,NA,60,1,NA,24,X
34,34,81,A,NA,106,360000,4748000,199,1,NA,NA,NA,NA,NA,NA,80,1,1,24,X
34,34,82,A,NA,106,361000,4748000,199,1,NA,NA,NA,NA,NA,NA,80,1,2,24,X
34,34,83,A,NA,106,362000,4748000,185,1,NA,NA,NA,NA,NA,NA,75,1,2,24,X
34,34,84,A,NA,106,363000,4748000,185,1,NA,NA,NA,NA,NA,NA,75,1,1,14,X
34,34,85,A,NA,106,364000,4748000,185,1,NA,NA,NA,NA,NA,NA,70,1,2,14,X
34,34,87,A,NA,106,368000,4748000,56,1,NA,NA,NA,NA,NA,NA,80,1,2,24,X
34,34,88,A,NA,106,369000,4748000,56,1,NA,NA,NA,NA,NA,NA,70,1,2,24,X
34,34,89,A,NA,106,372000,4748000,56,1,NA,NA,NA,NA,NA,NA,75,1,1,24,X
34,34,90,A,NA,106,373000,4748000,56,1,NA,NA,NA,NA,NA,NA,70,1,2,24,X
34,34,91,A,NA,106,374000,4748000,56,1,NA,NA,NA,NA,NA,NA,70,1,1,24,X
34,34,92,A,NA,106,350000,4747000,199,1,NA,NA,NA,NA,NA,NA,75,1,1,24,X
34,34,93,A,NA,106,358000,4747000,199,1,NA,NA,NA,NA,NA,NA,80,1,1,24,X
34,34,94,A,NA,106,359000,4747000,199,1,NA,NA,NA,NA,NA,NA,80,1,1,24,X
34,34,95,A,NA,106,360000,4747000,199,1,NA,NA,NA,NA,NA,NA,60,1,1,24,X
34,34,96,A,NA,106,361000,4747000,199,1,NA,NA,NA,NA,NA,NA,50,1,2,24,X
34,34,97,A,NA,106,364000,4747000,185,1,NA,NA,NA,NA,NA,NA,30,1,2,24,X
34,34,98,A,NA,106,365000,4747000,185,1,NA,NA,NA,NA,NA,NA,10,1,2,24,X
34,34,99,A,NA,106,368000,4747000,56,1,NA,NA,NA,NA,NA,NA,80,1,3,24,X
34,34,100,A,NA,106,369000,4747000,56,1,NA,NA,NA,NA,NA,NA,70,1,2,24,X
34,34,101,A,NA,106,371000,4747000,56,1,NA,NA,NA,NA,NA,NA,,1,1,24,X
34,34,102,A,NA,106,372000,4747000,56,1,NA,NA,NA,NA,NA,NA,85,1,2,24,X
34,34,103,A,NA,106,373000,4747000,56,1,NA,NA,NA,NA,NA,NA,85,1,2,24,X
34,34,104,A,NA,106,374000,4747000,56,1,NA,NA,NA,NA,NA,NA,70,1,2,24,X
34,34,105,A,NA,106,349000,4746000,199,1,NA,NA,NA,NA,NA,NA,50,1,2,24,X
34,34,106,A,NA,106,350000,4746000,199,1,NA,NA,NA,NA,NA,NA,65,1,2,24,X
34,34,107,A,NA,106,357000,4746000,199,1,NA,NA,NA,NA,NA,NA,75,1,1,24,X
34,34,108,A,NA,106,363000,4746000,171,1,NA,NA,NA,NA,NA,NA,50,1,2,24,X
34,34,109,A,NA,106,364000,4746000,171,1,NA,NA,NA,NA,NA,NA,40,1,2,24,X
34,34,110,A,NA,106,374000,4746000,56,1,NA,NA,NA,NA,NA,NA,45,1,1,24,X
34,34,111,A,NA,106,349000,4745000,199,1,NA,NA,NA,NA,NA,NA,85,1,2,24,X
34,34,112,A,NA,106,362000,4744000,171,1,NA,NA,NA,NA,NA,NA,75,1,2,24,X
34,34,113,A,NA,106,364000,4744000,171,1,NA,NA,NA,NA,NA,NA,70,1,1,24,X
34,34,114,A,NA,106,370000,4744000,49,1,NA,NA,NA,NA,NA,NA,10,1,2,24,X
34,34,115,A,NA,107,378000,4762000,56,1,NA,NA,NA,NA,NA,NA,20,1,1,20,X
34,34,116,A,NA,107,380000,4762000,166,1,NA,NA,NA,NA,NA,NA,,1,2,20,X
34,34,118,A,NA,107,385000,4761000,166,1,NA,NA,NA,NA,NA,NA,85,1,2,20,X
34,34,119,A,NA,107,383000,4760000,166,1,NA,NA,NA,NA,NA,NA,90,1,2,20,X
34,34,121,A,NA,107,377000,4758000,166,1,NA,NA,NA,NA,NA,NA,85,1,2,20,X
34,34,122,A,NA,107,380000,4758000,166,1,NA,NA,NA,NA,NA,NA,80,1,2,20,X
34,34,123,A,NA,107,382000,4758000,56,1,NA,NA,NA,NA,NA,NA,85,1,3,20,X
34,34,124,A,NA,107,377000,4757000,166,1,NA,NA,NA,NA,NA,NA,90,1,2,20,X
34,34,125,A,NA,107,379000,4757000,56,1,NA,NA,NA,NA,NA,NA,75,1,1,20,X
34,34,127,A,NA,107,393000,4757000,36,1,NA,NA,NA,NA,NA,NA,80,1,2,20,X
34,34,128,A,NA,107,378000,4756000,56,1,NA,NA,NA,NA,NA,NA,85,1,3,20,X
34,34,129,A,NA,107,379000,4756000,56,1,NA,NA,NA,NA,NA,NA,75,1,1,20,X
34,34,131,A,NA,107,386000,4756000,166,1,NA,NA,NA,NA,NA,NA,45,1,3,20,X
34,34,132,A,NA,107,391000,4756000,36,1,NA,NA,NA,NA,NA,NA,60,1,2,20,X
34,34,133,A,NA,107,378000,4755000,56,1,NA,NA,NA,NA,NA,NA,85,1,2,20,X
34,34,135,A,NA,107,388000,4754000,160,1,NA,NA,NA,NA,NA,NA,90,1,1,20,X
34,34,136,A,NA,107,390000,4754000,NA,1,NA,NA,NA,NA,NA,NA,5,1,0,20,X
34,34,137,A,NA,107,392000,4754000,36,1,NA,NA,NA,NA,NA,NA,80,1,2,20,X
34,34,138,A,NA,107,393000,4754000,36,1,NA,NA,NA,NA,NA,NA,85,1,2,20,X
34,34,139,A,NA,107,395000,4754000,36,1,NA,NA,NA,NA,NA,NA,80,1,2,20,X
34,34,140,A,NA,107,396000,4754000,36,1,NA,NA,NA,NA,NA,NA,90,1,3,20,X
34,34,141,A,NA,107,398000,4754000,36,1,NA,NA,NA,NA,NA,NA,90,1,3,20,X
34,34,142,A,NA,107,399000,4754000,36,1,NA,NA,NA,NA,NA,NA,,1,1,20,X
34,34,144,A,NA,107,381000,4753000,56,1,NA,NA,NA,NA,NA,NA,85,1,2,20,X
34,34,145,A,NA,107,382000,4753000,56,1,NA,NA,NA,NA,NA,NA,55,1,1,20,X
34,34,146,A,NA,107,384000,4753000,56,1,NA,NA,NA,NA,NA,NA,60,1,1,20,X
34,34,147,A,NA,107,385000,4753000,56,1,NA,NA,NA,NA,NA,NA,80,1,1,20,X
34,34,148,A,NA,107,395000,4753000,36,1,NA,NA,NA,NA,NA,NA,80,1,3,20,X
34,34,149,A,NA,107,397000,4753000,36,1,NA,NA,NA,NA,NA,NA,90,1,3,20,X
34,34,151,A,NA,107,377000,4752000,56,1,NA,NA,NA,NA,NA,NA,85,1,3,20,X
34,34,152,A,NA,107,378000,4752000,56,1,NA,NA,NA,NA,NA,NA,85,1,3,20,X
34,34,153,A,NA,107,380000,4752000,56,1,NA,NA,NA,NA,NA,NA,30,1,1,20,X
34,34,154,A,NA,107,381000,4752000,56,1,NA,NA,NA,NA,NA,NA,,1,1,20,X
34,34,155,A,NA,107,390000,4752000,160,1,NA,NA,NA,NA,NA,NA,90,1,2,20,X
34,34,156,A,NA,107,392000,4752000,160,1,NA,NA,NA,NA,NA,NA,35,1,2,20,X
34,34,157,A,NA,107,396000,4752000,27,1,NA,NA,NA,NA,NA,NA,80,1,1,20,X
34,34,159,A,NA,107,377000,4751000,56,1,NA,NA,NA,NA,NA,NA,85,1,1,20,X
34,34,160,A,NA,107,378000,4751000,56,1,NA,NA,NA,NA,NA,NA,85,1,2,20,X
34,34,162,A,NA,107,397000,4751000,27,1,NA,NA,NA,NA,NA,NA,90,1,2,20,X
34,34,163,A,NA,107,377000,4750000,56,1,NA,NA,NA,NA,NA,NA,85,1,1,20,X
34,34,164,A,NA,107,382000,4750000,160,1,NA,NA,NA,NA,NA,NA,80,1,3,20,X
34,34,165,A,NA,107,388000,4750000,160,1,NA,NA,NA,NA,NA,NA,85,1,2,20,X
34,34,166,A,NA,107,396000,4750000,27,1,NA,NA,NA,NA,NA,NA,40,1,1,20,X
34,34,167,A,NA,107,398000,4750000,36,1,NA,NA,NA,NA,NA,NA,65,1,1,20,X
34,34,168,A,NA,107,399000,4750000,4,1,NA,NA,NA,NA,NA,NA,90,1,1,20,X
34,34,170,A,NA,107,399000,4749000,4,1,NA,NA,NA,NA,NA,NA,85,1,2,20,X
34,34,171,A,NA,107,400000,4749000,4,1,NA,NA,NA,NA,NA,NA,40,1,2,20,X
34,34,172,A,NA,107,376000,4748000,56,1,NA,NA,NA,NA,NA,NA,85,1,1,20,X
34,34,173,A,NA,107,377000,4748000,56,1,NA,NA,NA,NA,NA,NA,85,1,2,20,X
34,34,174,A,NA,107,380000,4748000,56,1,NA,NA,NA,NA,NA,NA,65,1,1,20,X
34,34,175,A,NA,107,382000,4748000,56,1,NA,NA,NA,NA,NA,NA,65,1,1,20,X
34,34,177,A,NA,107,396000,4748000,27,1,NA,NA,NA,NA,NA,NA,70,1,1,20,X
34,34,178,A,NA,107,397000,4748000,36,1,NA,NA,NA,NA,NA,NA,65,1,2,20,X
34,34,179,A,NA,107,399000,4748000,4,1,NA,NA,NA,NA,NA,NA,70,1,2,20,X
34,34,180,A,NA,107,400000,4748000,4,1,NA,NA,NA,NA,NA,NA,70,1,1,20,X
34,34,181,A,NA,107,399000,4747000,4,1,NA,NA,NA,NA,NA,NA,75,1,2,20,X
34,34,182,A,NA,107,400000,4747000,4,1,NA,NA,NA,NA,NA,NA,75,1,1,20,X
34,34,183,A,NA,107,376000,4746000,56,1,NA,NA,NA,NA,NA,NA,80,1,1,20,X
34,34,184,A,NA,107,378000,4746000,56,1,NA,NA,NA,NA,NA,NA,40,1,1,20,X
34,34,185,A,NA,107,381000,4746000,56,1,NA,NA,NA,NA,NA,NA,45,1,2,20,X
34,34,187,A,NA,107,383000,4746000,56,1,NA,NA,NA,NA,NA,NA,25,1,2,20,X
34,34,188,A,NA,107,384000,4746000,56,1,NA,NA,NA,NA,NA,NA,65,1,2,20,X
34,34,189,A,NA,107,390000,4745000,4,1,NA,NA,NA,NA,NA,NA,70,1,1,20,X
34,34,190,A,NA,107,382000,4744000,56,1,NA,NA,NA,NA,NA,NA,60,1,3,20,X
34,34,191,A,NA,107,386000,4744000,56,1,NA,NA,NA,NA,NA,NA,65,1,2,20,X
34,34,192,A,NA,107,396000,4744000,4,1,NA,NA,NA,NA,NA,NA,85,1,1,20,X
34,34,193,A,NA,131,346000,4744000,199,1,NA,NA,NA,NA,NA,NA,90,1,2,24,X
34,34,194,A,NA,131,347000,4744000,199,1,NA,NA,NA,NA,NA,NA,90,1,2,24,X
34,34,195,A,NA,131,345000,4742000,NA,1,NA,NA,NA,NA,NA,NA,5,1,0,24,X
34,34,196,A,NA,131,346000,4742000,80,1,NA,NA,NA,NA,NA,NA,80,1,1,24,X
34,34,197,A,NA,131,346000,4740000,NA,1,NA,NA,NA,NA,NA,NA,65,1,0,24,X
34,34,198,A,NA,131,348000,4740000,NA,1,NA,NA,NA,NA,NA,NA,70,1,0,24,X
34,34,199,A,NA,131,348000,4738000,NA,3,NA,NA,NA,NA,NA,NA,,1,0,21,X
34,34,200,A,NA,131,346000,4736000,100,1,NA,NA,NA,NA,NA,NA,90,1,1,21,X
34,34,201,A,NA,131,347000,4736000,100,1,NA,NA,NA,NA,NA,NA,85,1,2,21,X
34,34,202,A,NA,131,346000,4735000,100,1,NA,NA,NA,NA,NA,NA,70,1,1,21,X
34,34,203,A,NA,131,347000,4735000,100,1,NA,NA,NA,NA,NA,NA,90,1,1,21,X
34,34,204,A,NA,131,345000,4734000,214,1,NA,NA,NA,NA,NA,NA,90,1,1,21,X
34,34,205,A,NA,131,346000,4734000,214,1,NA,NA,NA,NA,NA,NA,90,1,1,21,X
34,34,206,A,NA,131,347000,4734000,100,1,NA,NA,NA,NA,NA,NA,70,1,1,21,X
34,34,207,A,NA,131,345000,4733000,214,1,NA,NA,NA,NA,NA,NA,90,1,1,21,X
34,34,208,A,NA,131,346000,4733000,214,1,NA,NA,NA,NA,NA,NA,90,1,2,21,X
34,34,209,A,NA,131,346000,4732000,214,1,NA,NA,NA,NA,NA,NA,90,1,2,21,X
34,34,210,A,NA,131,346000,4731000,214,1,NA,NA,NA,NA,NA,NA,90,1,2,21,X
34,34,211,A,NA,131,347000,4730000,73,1,NA,NA,NA,NA,NA,NA,80,1,1,21,X
34,34,213,A,NA,131,346000,4729000,73,1,NA,NA,NA,NA,NA,NA,90,1,2,21,X
34,34,214,A,NA,131,347000,4729000,73,1,NA,NA,NA,NA,NA,NA,90,1,2,21,X
34,34,215,A,NA,131,348000,4729000,73,1,NA,NA,NA,NA,NA,NA,85,1,2,21,X
34,34,216,A,NA,131,346000,4728000,73,1,NA,NA,NA,NA,NA,NA,90,1,1,21,X
34,34,217,A,NA,131,347000,4728000,73,1,NA,NA,NA,NA,NA,NA,80,1,2,21,X
34,34,218,A,NA,131,348000,4728000,73,1,NA,NA,NA,NA,NA,NA,90,1,2,21,X
34,34,219,A,NA,131,345000,4727000,73,1,NA,NA,NA,NA,NA,NA,70,1,2,21,X
34,34,220,A,NA,131,345000,4726000,73,1,NA,NA,NA,NA,NA,NA,70,1,2,21,X
34,34,222,A,NA,132,372000,4742000,49,1,NA,NA,NA,NA,NA,NA,60,1,1,24,X
34,34,223,A,NA,132,350000,4740000,80,1,NA,NA,NA,NA,NA,NA,,1,1,24,X
34,34,224,A,NA,132,354000,4740000,171,1,NA,NA,NA,NA,NA,NA,85,1,1,24,X
34,34,227,A,NA,132,374000,4740000,67,1,NA,NA,NA,NA,NA,NA,75,1,2,24,X
34,34,229,A,NA,132,362000,4738000,151,1,NA,NA,NA,NA,NA,NA,65,1,1,21,X
34,34,231,A,NA,132,369000,4737000,49,1,NA,NA,NA,NA,NA,NA,80,1,2,23,X
34,34,233,A,NA,132,374000,4737000,49,1,NA,NA,NA,NA,NA,NA,35,1,2,23,X
34,34,234,A,NA,132,358000,4736000,171,1,NA,NA,NA,NA,NA,NA,80,1,1,21,X
34,34,235,A,NA,132,359000,4736000,151,1,NA,NA,NA,NA,NA,NA,60,1,1,21,X
34,34,236,A,NA,132,360000,4736000,151,1,NA,NA,NA,NA,NA,NA,65,1,1,21,X
34,34,238,A,NA,132,372000,4736000,49,1,NA,NA,NA,NA,NA,NA,25,1,2,23,X
34,34,239,A,NA,132,373000,4736000,49,1,NA,NA,NA,NA,NA,NA,45,1,2,23,X
34,34,240,A,NA,132,374000,4736000,49,1,NA,NA,NA,NA,NA,NA,45,1,2,23,X
34,34,241,A,NA,132,353000,4735000,80,1,NA,NA,NA,NA,NA,NA,80,1,1,21,X
34,34,242,A,NA,132,354000,4735000,80,1,NA,NA,NA,NA,NA,NA,80,1,1,21,X
34,34,243,A,NA,132,368000,4735000,49,1,NA,NA,NA,NA,NA,NA,70,1,2,23,X
34,34,244,A,NA,132,369000,4735000,49,1,NA,NA,NA,NA,NA,NA,70,1,1,23,X
34,34,246,A,NA,132,371000,4735000,49,1,NA,NA,NA,NA,NA,NA,70,1,2,23,X
34,34,247,A,NA,132,372000,4735000,49,1,NA,NA,NA,NA,NA,NA,50,1,2,23,X
34,34,248,A,NA,132,373000,4735000,49,1,NA,NA,NA,NA,NA,NA,60,1,2,23,X
34,34,249,A,NA,132,374000,4735000,114,1,NA,NA,NA,NA,NA,NA,60,1,2,23,X
34,34,250,A,NA,132,353000,4734000,80,1,NA,NA,NA,NA,NA,NA,80,1,1,21,X
34,34,251,A,NA,132,354000,4734000,80,1,NA,NA,NA,NA,NA,NA,80,1,1,21,X
34,34,252,A,NA,132,360000,4734000,151,1,NA,NA,NA,NA,NA,NA,65,1,1,21,X
34,34,253,A,NA,132,362000,4734000,151,1,NA,NA,NA,NA,NA,NA,75,1,1,21,X
34,34,254,A,NA,132,369000,4734000,49,1,NA,NA,NA,NA,NA,NA,80,1,2,23,X
34,34,255,A,NA,132,370000,4734000,49,1,NA,NA,NA,NA,NA,NA,75,1,2,23,X
34,34,256,A,NA,132,372000,4734000,49,1,NA,NA,NA,NA,NA,NA,35,1,2,23,X
34,34,257,A,NA,132,375000,4734000,114,1,NA,NA,NA,NA,NA,NA,50,1,1,23,X
34,34,258,A,NA,132,353000,4733000,171,1,NA,NA,NA,NA,NA,NA,80,1,1,21,X
34,34,259,A,NA,132,354000,4733000,151,1,NA,NA,NA,NA,NA,NA,85,1,2,21,X
34,34,260,A,NA,132,370000,4733000,49,1,NA,NA,NA,NA,NA,NA,80,1,2,23,X
34,34,261,A,NA,132,371000,4733000,49,1,NA,NA,NA,NA,NA,NA,30,1,1,23,X
34,34,262,A,NA,132,372000,4733000,49,1,NA,NA,NA,NA,NA,NA,35,1,2,23,X
34,34,263,A,NA,132,354000,4732000,151,1,NA,NA,NA,NA,NA,NA,20,1,1,21,X
34,34,264,A,NA,132,355000,4732000,151,1,NA,NA,NA,NA,NA,NA,85,1,2,21,X
34,34,265,A,NA,132,371000,4732000,62,1,NA,NA,NA,NA,NA,NA,85,1,2,23,X
34,34,266,A,NA,132,374000,4732000,114,1,NA,NA,NA,NA,NA,NA,30,1,1,23,X
34,34,267,A,NA,132,355000,4731000,151,1,NA,NA,NA,NA,NA,NA,80,1,2,21,X
34,34,268,A,NA,132,356000,4731000,151,1,NA,NA,NA,NA,NA,NA,75,1,2,21,X
34,34,269,A,NA,132,371000,4731000,62,1,NA,NA,NA,NA,NA,NA,85,1,2,23,X
34,34,270,A,NA,132,372000,4731000,140,1,NA,NA,NA,NA,NA,NA,70,1,2,23,X
34,34,271,A,NA,132,350000,4730000,214,1,NA,NA,NA,NA,NA,NA,75,1,1,21,X
34,34,272,A,NA,132,355000,4730000,151,1,NA,NA,NA,NA,NA,NA,80,1,2,21,X
34,34,274,A,NA,132,357000,4730000,62,1,NA,NA,NA,NA,NA,NA,90,1,1,21,X
34,34,276,A,NA,132,368000,4730000,62,1,NA,NA,NA,NA,NA,NA,30,1,1,23,X
34,34,277,A,NA,132,371000,4730000,140,1,NA,NA,NA,NA,NA,NA,85,1,2,23,X
34,34,279,A,NA,132,356000,4729000,62,1,NA,NA,NA,NA,NA,NA,65,1,2,21,X
34,34,280,A,NA,132,357000,4729000,62,1,NA,NA,NA,NA,NA,NA,75,1,2,21,X
34,34,281,A,NA,132,358000,4729000,62,1,NA,NA,NA,NA,NA,NA,75,1,2,21,X
34,34,282,A,NA,132,350000,4728000,73,1,NA,NA,NA,NA,NA,NA,10,1,1,21,X
34,34,283,A,NA,132,356000,4728000,20,1,NA,NA,NA,NA,NA,NA,85,1,2,21,X
34,34,284,A,NA,132,357000,4728000,62,1,NA,NA,NA,NA,NA,NA,65,1,2,21,X
34,34,285,A,NA,132,358000,4728000,62,1,NA,NA,NA,NA,NA,NA,90,1,2,21,X
34,34,286,A,NA,132,359000,4728000,62,1,NA,NA,NA,NA,NA,NA,90,1,2,21,X
34,34,288,A,NA,132,364000,4728000,62,1,NA,NA,NA,NA,NA,NA,50,1,1,21,X
34,34,289,A,NA,132,366000,4728000,62,1,NA,NA,NA,NA,NA,NA,85,1,1,23,X
34,34,290,A,NA,132,368000,4728000,62,1,NA,NA,NA,NA,NA,NA,65,1,1,23,X
34,34,291,A,NA,132,374000,4728000,28,1,NA,NA,NA,NA,NA,NA,45,1,1,23,X
34,34,292,A,NA,132,356000,4727000,20,1,NA,NA,NA,NA,NA,NA,50,1,2,21,X
34,34,293,A,NA,132,357000,4727000,62,1,NA,NA,NA,NA,NA,NA,65,1,3,21,X
34,34,294,A,NA,132,358000,4727000,62,1,NA,NA,NA,NA,NA,NA,85,1,2,21,X
34,34,295,A,NA,132,359000,4727000,62,1,NA,NA,NA,NA,NA,NA,80,1,1,21,X
34,34,296,A,NA,132,360000,4727000,62,1,NA,NA,NA,NA,NA,NA,90,1,2,21,X
34,34,297,A,NA,132,362000,4727000,37,1,NA,NA,NA,NA,NA,NA,80,1,1,21,X
34,34,298,A,NA,132,363000,4727000,37,1,NA,NA,NA,NA,NA,NA,85,1,1,21,X
34,34,299,A,NA,132,353000,4726000,129,1,NA,NA,NA,NA,NA,NA,75,1,2,21,X
34,34,300,A,NA,132,354000,4726000,129,1,NA,NA,NA,NA,NA,NA,85,1,2,21,X
34,34,301,A,NA,132,356000,4726000,20,1,NA,NA,NA,NA,NA,NA,90,1,1,21,X
34,34,302,A,NA,132,357000,4726000,20,1,NA,NA,NA,NA,NA,NA,90,1,2,21,X
34,34,303,A,NA,132,358000,4726000,179,1,NA,NA,NA,NA,NA,NA,85,1,2,21,X
34,34,304,A,NA,132,359000,4726000,179,1,NA,NA,NA,NA,NA,NA,85,1,3,21,X
34,34,305,A,NA,132,360000,4726000,179,1,NA,NA,NA,NA,NA,NA,70,1,1,21,X
34,34,306,A,NA,132,362000,4726000,37,1,NA,NA,NA,NA,NA,NA,60,1,2,21,X
34,34,308,A,NA,132,364000,4726000,37,1,NA,NA,NA,NA,NA,NA,80,1,2,21,X
34,34,309,A,NA,132,366000,4726000,140,1,NA,NA,NA,NA,NA,NA,80,1,1,23,X
34,34,310,A,NA,132,370000,4726000,140,1,NA,NA,NA,NA,NA,NA,65,1,1,23,X
34,34,311,A,NA,132,371000,4726000,37,1,NA,NA,NA,NA,NA,NA,25,1,1,23,X
34,34,312,A,NA,132,372000,4726000,37,1,NA,NA,NA,NA,NA,NA,80,1,1,23,X
34,34,313,A,NA,133,376000,4742000,67,1,NA,NA,NA,NA,NA,NA,40,1,1,20,X
34,34,314,A,NA,133,380000,4742000,67,1,NA,NA,NA,NA,NA,NA,80,1,2,20,X
34,34,316,A,NA,133,380000,4740000,56,1,NA,NA,NA,NA,NA,NA,55,1,2,20,X
34,34,317,A,NA,133,396000,4740000,4,1,NA,NA,NA,NA,NA,NA,85,1,1,20,X
34,34,319,A,NA,133,392000,4739000,4,1,NA,NA,NA,NA,NA,NA,80,1,1,20,X
34,34,320,A,NA,133,394000,4739000,4,1,NA,NA,NA,NA,NA,NA,75,1,2,20,X
34,34,321,A,NA,133,376000,4738000,67,1,NA,NA,NA,NA,NA,NA,80,1,2,23,X
34,34,323,A,NA,133,393000,4738000,4,1,NA,NA,NA,NA,NA,NA,75,1,2,20,X
34,34,324,A,NA,133,394000,4738000,4,1,NA,NA,NA,NA,NA,NA,80,1,2,20,X
34,34,325,A,NA,133,376000,4736000,114,1,NA,NA,NA,NA,NA,NA,80,1,1,23,X
34,34,326,A,NA,133,378000,4736000,114,1,NA,NA,NA,NA,NA,NA,80,1,2,23,X
34,34,327,A,NA,133,380000,4736000,114,1,NA,NA,NA,NA,NA,NA,65,1,2,23,X
34,34,328,A,NA,133,392000,4736000,4,1,NA,NA,NA,NA,NA,NA,85,1,2,23,X
34,34,329,A,NA,133,394000,4736000,4,1,NA,NA,NA,NA,NA,NA,75,1,1,20,X
34,34,330,A,NA,133,377000,4735000,114,1,NA,NA,NA,NA,NA,NA,70,1,2,23,X
34,34,331,A,NA,133,378000,4735000,114,1,NA,NA,NA,NA,NA,NA,70,1,3,23,X
34,34,332,A,NA,133,379000,4735000,114,1,NA,NA,NA,NA,NA,NA,80,1,3,23,X
34,34,333,A,NA,133,387000,4735000,65,NA,NA,NA,NA,NA,NA,NA,55,1,NA,23,X
34,34,335,A,NA,133,376000,4734000,124,1,NA,NA,NA,NA,NA,NA,60,1,1,23,X
34,34,336,A,NA,133,378000,4734000,114,1,NA,NA,NA,NA,NA,NA,80,1,3,23,X
34,34,338,A,NA,133,386000,4734000,4,1,NA,NA,NA,NA,NA,NA,65,1,2,23,X
34,34,339,A,NA,133,387000,4734000,4,1,NA,NA,NA,NA,NA,NA,75,1,1,23,X
34,34,340,A,NA,133,393000,4734000,4,1,NA,NA,NA,NA,NA,NA,,1,3,20,X
34,34,341,A,NA,133,398000,4734000,135,1,NA,NA,NA,NA,NA,NA,80,1,1,20,X
34,34,342,A,NA,133,385000,4733000,4,1,NA,NA,NA,NA,NA,NA,65,1,3,23,X
34,34,343,A,NA,133,386000,4733000,4,1,NA,NA,NA,NA,NA,NA,75,1,2,23,X
34,34,344,A,NA,133,394000,4733000,4,1,NA,NA,NA,NA,NA,NA,75,1,2,20,X
34,34,345,A,NA,133,400000,4733000,4,1,NA,NA,NA,NA,NA,NA,70,1,1,20,X
34,34,346,A,NA,133,401000,4733000,4,1,NA,NA,NA,NA,NA,NA,75,1,1,20,X
34,34,350,A,NA,133,376000,4730000,114,1,NA,NA,NA,NA,NA,NA,45,1,1,23,X
34,34,351,A,NA,133,385000,4730000,114,1,NA,NA,NA,NA,NA,NA,,1,1,23,X
34,34,352,A,NA,133,396000,4730000,4,1,NA,NA,NA,NA,NA,NA,80,1,2,20,X
34,34,353,A,NA,133,397000,4730000,4,1,NA,NA,NA,NA,NA,NA,80,1,1,20,X
34,34,354,A,NA,133,398000,4730000,4,1,NA,NA,NA,NA,NA,NA,80,1,2,20,X
34,34,355,A,NA,133,385000,4729000,114,1,NA,NA,NA,NA,NA,NA,75,1,3,23,X
34,34,356,A,NA,133,395000,4729000,5,1,NA,NA,NA,NA,NA,NA,75,1,2,20,X
34,34,357,A,NA,133,396000,4729000,5,1,NA,NA,NA,NA,NA,NA,45,1,1,20,X
34,34,358,A,NA,133,398000,4729000,4,1,NA,NA,NA,NA,NA,NA,,1,1,20,X
34,34,359,A,NA,133,392000,4728000,5,1,NA,NA,NA,NA,NA,NA,70,1,2,23,X
34,34,360,A,NA,133,393000,4728000,5,1,NA,NA,NA,NA,NA,NA,65,1,2,23,X
34,34,361,A,NA,133,377000,4727000,107,1,NA,NA,NA,NA,NA,NA,80,1,2,23,X
34,34,362,A,NA,133,389000,4727000,139,1,NA,NA,NA,NA,NA,NA,5,1,1,23,X
34,34,363,A,NA,133,390000,4727000,139,1,NA,NA,NA,NA,NA,NA,80,1,2,23,X
34,34,364,A,NA,133,391000,4727000,139,1,NA,NA,NA,NA,NA,NA,70,1,2,23,X
34,34,365,A,NA,133,392000,4727000,5,1,NA,NA,NA,NA,NA,NA,70,1,2,23,X
34,34,366,A,NA,133,394000,4727000,5,1,NA,NA,NA,NA,NA,NA,70,1,2,23,X
34,34,368,A,NA,133,377000,4726000,61,1,NA,NA,NA,NA,NA,NA,70,1,3,23,X
34,34,369,A,NA,133,394000,4726000,5,1,NA,NA,NA,NA,NA,NA,65,1,2,23,X
34,34,370,A,NA,134,404000,4742000,135,1,NA,NA,NA,NA,NA,NA,45,1,3,20,X
34,34,371,A,NA,134,410000,4742000,135,1,NA,NA,NA,NA,NA,NA,80,1,3,20,X
34,34,372,A,NA,134,418000,4742000,32,1,NA,NA,NA,NA,NA,NA,55,1,1,20,X
34,34,373,A,NA,134,418000,4740000,32,1,NA,NA,NA,NA,NA,NA,55,1,1,20,X
34,34,378,A,NA,134,415000,4736000,32,1,NA,NA,NA,NA,NA,NA,80,1,1,20,X
34,34,379,A,NA,134,417000,4736000,32,1,NA,NA,NA,NA,NA,NA,80,1,1,20,X
34,34,380,A,NA,134,418000,4736000,32,1,NA,NA,NA,NA,NA,NA,80,1,1,20,X
34,34,381,A,NA,163,345000,4725000,73,1,NA,NA,NA,NA,NA,NA,90,1,2,21,X
34,34,382,A,NA,163,346000,4725000,73,1,NA,NA,NA,NA,NA,NA,90,1,2,21,X
34,34,383,A,NA,163,345000,4724000,129,1,NA,NA,NA,NA,NA,NA,75,1,2,21,X
34,34,384,A,NA,163,346000,4724000,129,1,NA,NA,NA,NA,NA,NA,75,1,2,21,X
34,34,385,A,NA,163,345000,4723000,245,1,NA,NA,NA,NA,NA,NA,75,1,2,21,X
34,34,386,A,NA,163,346000,4723000,245,1,NA,NA,NA,NA,NA,NA,75,1,2,21,X
34,34,387,A,NA,163,347000,4723000,245,1,NA,NA,NA,NA,NA,NA,70,1,2,21,X
34,34,388,A,NA,163,345000,4722000,245,1,NA,NA,NA,NA,NA,NA,75,1,2,21,X
34,34,389,A,NA,163,346000,4722000,245,1,NA,NA,NA,NA,NA,NA,70,1,2,21,X
34,34,390,A,NA,163,347000,4722000,245,1,NA,NA,NA,NA,NA,NA,10,1,1,21,X
34,34,391,A,NA,163,348000,4722000,245,1,NA,NA,NA,NA,NA,NA,10,1,2,21,X
34,34,392,A,NA,163,345000,4721000,245,1,NA,NA,NA,NA,NA,NA,10,1,2,21,X
34,34,393,A,NA,163,346000,4721000,245,1,NA,NA,NA,NA,NA,NA,70,1,2,21,X
34,34,394,A,NA,163,347000,4721000,245,1,NA,NA,NA,NA,NA,NA,75,1,2,21,X
34,34,395,A,NA,163,345000,4720000,245,1,NA,NA,NA,NA,NA,NA,75,1,2,21,X
34,34,396,A,NA,163,346000,4720000,245,1,NA,NA,NA,NA,NA,NA,30,1,2,21,X
34,34,397,A,NA,163,347000,4720000,245,1,NA,NA,NA,NA,NA,NA,,1,2,21,X
34,34,398,A,NA,163,348000,4720000,245,1,NA,NA,NA,NA,NA,NA,75,1,2,21,X
34,34,399,A,NA,163,345000,4719000,245,1,NA,NA,NA,NA,NA,NA,75,1,2,21,X
34,34,400,A,NA,163,346000,4719000,245,1,NA,NA,NA,NA,NA,NA,70,1,2,21,X
34,34,401,A,NA,163,348000,4719000,245,1,NA,NA,NA,NA,NA,NA,80,1,2,21,X
34,34,402,A,NA,163,345000,4718000,245,1,NA,NA,NA,NA,NA,NA,75,1,2,21,X
34,34,404,A,NA,163,345000,4717000,245,1,NA,NA,NA,NA,NA,NA,75,1,2,21,X
34,34,406,A,NA,163,345000,4716000,245,1,NA,NA,NA,NA,NA,NA,70,1,2,21,X
34,34,407,A,NA,163,345000,4715000,245,1,NA,NA,NA,NA,NA,NA,70,1,2,21,X
34,34,408,A,NA,163,346000,4714000,NA,1,NA,NA,NA,NA,NA,NA,10,1,0,21,X
34,34,409,A,NA,163,346000,4712000,245,1,NA,NA,NA,NA,NA,NA,70,1,2,18,X
34,34,410,A,NA,163,347000,4712000,245,1,NA,NA,NA,NA,NA,NA,70,1,2,18,X
34,34,411,A,NA,163,346000,4711000,245,1,NA,NA,NA,NA,NA,NA,60,1,2,18,X
34,34,412,A,NA,163,347000,4711000,245,1,NA,NA,NA,NA,NA,NA,70,1,2,18,X
34,34,413,A,NA,163,345000,4710000,245,1,NA,NA,NA,NA,NA,NA,70,1,2,18,X
34,34,414,A,NA,163,347000,4710000,245,1,NA,NA,NA,NA,NA,NA,70,1,2,18,X
34,34,415,A,NA,163,345000,4709000,245,1,NA,NA,NA,NA,NA,NA,70,1,2,18,X
34,34,417,A,NA,163,347000,4708000,169,1,NA,NA,NA,NA,NA,NA,70,1,2,18,X
34,34,418,A,NA,164,357000,4725000,20,1,NA,NA,NA,NA,NA,NA,80,1,2,21,X
34,34,419,A,NA,164,363000,4725000,37,1,NA,NA,NA,NA,NA,NA,65,1,2,21,X
34,34,420,A,NA,164,364000,4725000,37,1,NA,NA,NA,NA,NA,NA,60,1,2,21,X
34,34,422,A,NA,164,370000,4725000,37,1,NA,NA,NA,NA,NA,NA,25,1,1,23,X
34,34,423,A,NA,164,371000,4725000,37,1,NA,NA,NA,NA,NA,NA,80,1,2,23,X
34,34,424,A,NA,164,372000,4725000,37,1,NA,NA,NA,NA,NA,NA,75,1,2,23,X
34,34,425,A,NA,164,355000,4724000,129,1,NA,NA,NA,NA,NA,NA,25,1,2,21,X
34,34,426,A,NA,164,357000,4724000,129,1,NA,NA,NA,NA,NA,NA,75,1,2,21,X
34,34,428,A,NA,164,364000,4724000,37,1,NA,NA,NA,NA,NA,NA,70,1,2,21,X
34,34,429,A,NA,164,367000,4724000,37,1,NA,NA,NA,NA,NA,NA,80,1,2,23,X
34,34,430,A,NA,164,370000,4724000,37,1,NA,NA,NA,NA,NA,NA,80,1,2,23,X
34,34,431,A,NA,164,371000,4724000,37,1,NA,NA,NA,NA,NA,NA,75,1,2,21,X
34,34,432,A,NA,164,372000,4724000,37,1,NA,NA,NA,NA,NA,NA,75,1,1,23,X
34,34,434,A,NA,164,354000,4723000,129,NA,NA,NA,NA,NA,NA,NA,85,1,NA,21,X
34,34,435,A,NA,164,355000,4723000,129,1,NA,NA,NA,NA,NA,NA,75,1,2,21,X
34,34,436,A,NA,164,356000,4723000,129,1,NA,NA,NA,NA,NA,NA,75,1,2,21,X
34,34,437,A,NA,164,357000,4723000,129,1,NA,NA,NA,NA,NA,NA,75,1,2,21,X
34,34,438,A,NA,164,358000,4723000,20,1,NA,NA,NA,NA,NA,NA,75,1,2,21,X
34,34,439,A,NA,164,365000,4723000,37,1,NA,NA,NA,NA,NA,NA,80,1,2,23,X
34,34,440,A,NA,164,370000,4723000,37,1,NA,NA,NA,NA,NA,NA,70,1,2,23,X
34,34,441,A,NA,164,352000,4722000,129,1,NA,NA,NA,NA,NA,NA,70,1,1,21,X
34,34,442,A,NA,164,353000,4722000,129,1,NA,NA,NA,NA,NA,NA,20,1,1,21,X
34,34,443,A,NA,164,354000,4722000,129,1,NA,NA,NA,NA,NA,NA,85,1,1,21,X
34,34,444,A,NA,164,358000,4722000,157,1,NA,NA,NA,NA,NA,NA,75,1,2,21,X
34,34,445,A,NA,164,362000,4722000,179,1,NA,NA,NA,NA,NA,NA,75,1,1,21,X
34,34,446,A,NA,164,365000,4722000,37,1,NA,NA,NA,NA,NA,NA,80,1,2,23,X
34,34,447,A,NA,164,372000,4722000,37,1,NA,NA,NA,NA,NA,NA,80,1,2,23,X
34,34,448,A,NA,164,373000,4722000,37,1,NA,NA,NA,NA,NA,NA,70,1,2,23,X
34,34,449,A,NA,164,353000,4721000,129,1,NA,NA,NA,NA,NA,NA,85,1,2,21,X
34,34,450,A,NA,164,358000,4721000,157,1,NA,NA,NA,NA,NA,NA,75,1,1,21,X
34,34,451,A,NA,164,359000,4721000,20,1,NA,NA,NA,NA,NA,NA,85,1,2,21,X
34,34,452,A,NA,164,361000,4721000,20,1,NA,NA,NA,NA,NA,NA,70,1,2,21,X
34,34,453,A,NA,164,367000,4721000,37,1,NA,NA,NA,NA,NA,NA,70,1,2,23,X
34,34,454,A,NA,164,371000,4721000,37,1,NA,NA,NA,NA,NA,NA,65,1,1,23,X
34,34,455,A,NA,164,372000,4721000,37,1,NA,NA,NA,NA,NA,NA,80,1,3,23,X
34,34,456,A,NA,164,373000,4721000,37,1,NA,NA,NA,NA,NA,NA,90,1,2,23,X
34,34,457,A,NA,164,356000,4720000,157,1,NA,NA,NA,NA,NA,NA,,1,1,21,X
34,34,458,A,NA,164,363000,4720000,190,1,NA,NA,NA,NA,NA,NA,80,1,1,21,X
34,34,459,A,NA,164,366000,4720000,190,1,NA,NA,NA,NA,NA,NA,65,1,1,23,X
34,34,460,A,NA,164,371000,4720000,37,1,NA,NA,NA,NA,NA,NA,40,1,1,23,X
34,34,461,A,NA,164,372000,4720000,37,1,NA,NA,NA,NA,NA,NA,80,1,2,23,X
34,34,462,A,NA,164,373000,4720000,37,1,NA,NA,NA,NA,NA,NA,85,1,2,23,X
34,34,463,A,NA,164,374000,4720000,154,1,NA,NA,NA,NA,NA,NA,65,1,1,23,X
34,34,464,A,NA,164,349000,4719000,245,1,NA,NA,NA,NA,NA,NA,70,1,2,21,X
34,34,465,A,NA,164,354000,4719000,129,1,NA,NA,NA,NA,NA,NA,80,1,2,21,X
34,34,466,A,NA,164,371000,4719000,37,1,NA,NA,NA,NA,NA,NA,80,1,2,23,X
34,34,467,A,NA,164,373000,4719000,37,1,NA,NA,NA,NA,NA,NA,85,1,2,23,X
34,34,468,A,NA,164,348000,4718000,245,1,NA,NA,NA,NA,NA,NA,30,1,2,21,X
34,34,469,A,NA,164,349000,4718000,245,1,NA,NA,NA,NA,NA,NA,80,1,2,21,X
34,34,470,A,NA,164,353000,4718000,129,1,NA,NA,NA,NA,NA,NA,70,1,2,21,X
34,34,471,A,NA,164,354000,4718000,129,1,NA,NA,NA,NA,NA,NA,80,1,2,21,X
34,34,472,A,NA,164,355000,4718000,129,1,NA,NA,NA,NA,NA,NA,75,1,2,21,X
34,34,474,A,NA,164,374000,4718000,208,1,NA,NA,NA,NA,NA,NA,80,1,2,23,X
34,34,475,A,NA,164,355000,4717000,129,1,NA,NA,NA,NA,NA,NA,80,1,2,21,X
34,34,476,A,NA,164,357000,4717000,157,1,NA,NA,NA,NA,NA,NA,70,1,2,21,X
34,34,477,A,NA,164,359000,4717000,157,1,NA,NA,NA,NA,NA,NA,80,1,1,21,X
34,34,478,A,NA,164,371000,4717000,37,1,NA,NA,NA,NA,NA,NA,85,1,2,23,X
34,34,479,A,NA,164,372000,4717000,37,1,NA,NA,NA,NA,NA,NA,85,1,2,23,X
34,34,480,A,NA,164,373000,4717000,208,1,NA,NA,NA,NA,NA,NA,85,1,2,23,X
34,34,481,A,NA,164,374000,4717000,208,1,NA,NA,NA,NA,NA,NA,80,1,2,23,X
34,34,483,A,NA,164,373000,4716000,208,1,NA,NA,NA,NA,NA,NA,80,1,2,23,X
34,34,484,A,NA,164,374000,4716000,208,1,NA,NA,NA,NA,NA,NA,80,1,2,23,X
34,34,485,A,NA,164,371000,4715000,208,1,NA,NA,NA,NA,NA,NA,,1,2,23,X
34,34,486,A,NA,164,372000,4715000,208,1,NA,NA,NA,NA,NA,NA,85,1,2,23,X
34,34,488,A,NA,164,375000,4715000,234,1,NA,NA,NA,NA,NA,NA,85,1,2,23,X
34,34,489,A,NA,164,359000,4714000,157,1,NA,NA,NA,NA,NA,NA,,1,1,21,X
34,34,490,A,NA,164,362000,4714000,157,1,NA,NA,NA,NA,NA,NA,75,1,3,21,X
34,34,491,A,NA,164,372000,4714000,208,1,NA,NA,NA,NA,NA,NA,85,1,2,23,X
34,34,492,A,NA,164,374000,4714000,234,1,NA,NA,NA,NA,NA,NA,85,1,2,23,X
34,34,493,A,NA,164,375000,4714000,234,1,NA,NA,NA,NA,NA,NA,85,1,3,23,X
34,34,494,A,NA,164,355000,4713000,157,1,NA,NA,NA,NA,NA,NA,80,1,3,21,X
34,34,495,A,NA,164,358000,4713000,157,1,NA,NA,NA,NA,NA,NA,80,1,2,21,X
34,34,496,A,NA,164,375000,4713000,234,1,NA,NA,NA,NA,NA,NA,85,1,3,23,X
34,34,497,A,NA,164,357000,4712000,157,1,NA,NA,NA,NA,NA,NA,80,1,3,18,X
34,34,498,A,NA,164,358000,4712000,157,1,NA,NA,NA,NA,NA,NA,80,1,2,18,X
34,34,499,A,NA,164,366000,4712000,157,1,NA,NA,NA,NA,NA,NA,80,1,2,18,X
34,34,500,A,NA,164,374000,4712000,234,1,NA,NA,NA,NA,NA,NA,85,1,2,18,X
34,34,501,A,NA,164,375000,4712000,234,1,NA,NA,NA,NA,NA,NA,90,1,3,18,X
34,34,502,A,NA,164,356000,4711000,157,1,NA,NA,NA,NA,NA,NA,65,1,3,18,X
34,34,503,A,NA,164,374000,4711000,234,1,NA,NA,NA,NA,NA,NA,90,1,2,18,X
34,34,504,A,NA,164,348000,4710000,245,1,NA,NA,NA,NA,NA,NA,80,1,2,18,X
34,34,507,A,NA,164,348000,4709000,169,1,NA,NA,NA,NA,NA,NA,70,1,2,18,X
34,34,508,A,NA,164,369000,4709000,903,1,NA,NA,NA,NA,NA,NA,85,1,2,18,X
34,34,509,A,NA,164,348000,4708000,169,1,NA,NA,NA,NA,NA,NA,70,1,2,18,X
34,34,510,A,NA,164,358000,4708000,157,1,NA,NA,NA,NA,NA,NA,70,1,3,18,X
34,34,511,A,NA,164,360000,4708000,157,1,NA,NA,NA,NA,NA,NA,70,1,3,18,X
34,34,513,A,NA,164,368000,4708000,157,1,NA,NA,NA,NA,NA,NA,75,1,3,18,X
34,34,514,A,NA,164,369000,4708000,903,1,NA,NA,NA,NA,NA,NA,80,1,2,18,X
34,34,515,A,NA,164,370000,4708000,903,1,NA,NA,NA,NA,NA,NA,85,1,2,18,X
34,34,517,A,NA,164,371000,4707000,903,1,NA,NA,NA,NA,NA,NA,70,1,2,18,X
34,34,518,A,NA,165,382000,4724000,93,1,NA,NA,NA,NA,NA,NA,75,1,2,23,X
34,34,519,A,NA,165,383000,4724000,93,1,NA,NA,NA,NA,NA,NA,15,1,2,23,X
34,34,520,A,NA,165,384000,4724000,93,1,NA,NA,NA,NA,NA,NA,50,1,1,23,X
34,34,521,A,NA,165,377000,4722000,154,1,NA,NA,NA,NA,NA,NA,80,1,1,23,X
34,34,523,A,NA,165,380000,4722000,68,NA,NA,NA,NA,NA,NA,NA,70,1,1,23,X
34,34,524,A,NA,165,379000,4721000,68,1,NA,NA,NA,NA,NA,NA,85,1,3,23,X
34,34,526,A,NA,165,380000,4720000,61,1,NA,NA,NA,NA,NA,NA,,1,1,23,X
34,34,527,A,NA,165,382000,4720000,68,1,NA,NA,NA,NA,NA,NA,80,1,1,23,X
34,34,528,A,NA,165,376000,4718000,61,1,NA,NA,NA,NA,NA,NA,75,1,2,23,X
34,34,530,A,NA,165,376000,4717000,234,1,NA,NA,NA,NA,NA,NA,85,1,3,23,X
34,34,531,A,NA,165,376000,4716000,234,1,NA,NA,NA,NA,NA,NA,65,1,3,23,X
34,34,532,A,NA,165,377000,4716000,222,1,NA,NA,NA,NA,NA,NA,80,1,3,23,X
34,34,534,A,NA,165,376000,4715000,234,1,NA,NA,NA,NA,NA,NA,85,1,3,23,X
34,34,535,A,NA,165,379000,4715000,176,1,NA,NA,NA,NA,NA,NA,65,1,2,23,X
34,34,536,A,NA,165,382000,4715000,122,1,NA,NA,NA,NA,NA,NA,75,1,3,23,X
34,34,537,A,NA,165,383000,4715000,122,1,NA,NA,NA,NA,NA,NA,75,1,1,23,X
34,34,538,A,NA,165,384000,4715000,122,1,NA,NA,NA,NA,NA,NA,70,1,2,23,X
34,34,539,A,NA,165,376000,4714000,234,1,NA,NA,NA,NA,NA,NA,70,1,3,23,X
34,34,540,A,NA,165,379000,4714000,222,1,NA,NA,NA,NA,NA,NA,70,1,3,23,X
34,34,541,A,NA,165,380000,4714000,176,1,NA,NA,NA,NA,NA,NA,70,1,3,23,X
34,34,542,A,NA,165,381000,4714000,222,1,NA,NA,NA,NA,NA,NA,80,1,3,23,X
34,34,543,A,NA,165,383000,4714000,122,1,NA,NA,NA,NA,NA,NA,75,1,3,23,X
34,34,544,A,NA,165,385000,4714000,41,1,NA,NA,NA,NA,NA,NA,75,1,2,23,X
34,34,545,A,NA,165,386000,4714000,41,1,NA,NA,NA,NA,NA,NA,40,1,2,23,X
34,34,547,A,NA,165,376000,4713000,228,1,NA,NA,NA,NA,NA,NA,80,1,2,18,X
34,34,548,A,NA,165,377000,4713000,228,1,NA,NA,NA,NA,NA,NA,75,1,2,18,X
34,34,549,A,NA,165,384000,4713000,41,1,NA,NA,NA,NA,NA,NA,75,1,3,18,X
34,34,550,A,NA,165,376000,4712000,228,1,NA,NA,NA,NA,NA,NA,80,1,3,18,X
34,34,551,A,NA,165,378000,4712000,222,1,NA,NA,NA,NA,NA,NA,70,1,1,18,X
34,34,552,A,NA,165,380000,4712000,222,1,NA,NA,NA,NA,NA,NA,70,1,1,18,X
34,34,553,A,NA,165,377000,4711000,228,1,NA,NA,NA,NA,NA,NA,80,1,3,18,X
34,34,554,A,NA,165,376000,4710000,228,1,NA,NA,NA,NA,NA,NA,80,1,3,18,X
34,34,555,A,NA,165,377000,4710000,228,1,NA,NA,NA,NA,NA,NA,80,1,3,18,X
34,34,557,A,NA,165,376000,4709000,228,1,NA,NA,NA,NA,NA,NA,80,1,3,18,X
34,34,558,A,NA,165,377000,4708000,228,1,NA,NA,NA,NA,NA,NA,10,1,2,18,X
34,34,559,A,NA,165,378000,4708000,25,1,NA,NA,NA,NA,NA,NA,75,1,2,18,X
34,34,560,A,NA,165,379000,4708000,222,1,NA,NA,NA,NA,NA,NA,70,1,2,18,X
34,34,562,A,NA,165,394000,4708000,83,1,NA,NA,NA,NA,NA,NA,65,1,1,18,X
34,34,563,A,NA,165,376000,4707000,228,1,NA,NA,NA,NA,NA,NA,,1,2,18,X
34,34,564,A,NA,165,377000,4707000,228,1,NA,NA,NA,NA,NA,NA,10,1,2,18,X
34,34,566,A,NA,196,346000,4705000,169,NA,NA,NA,NA,NA,NA,NA,65,1,2,18,X
34,34,567,A,NA,196,347000,4705000,169,1,NA,NA,NA,NA,NA,NA,65,1,2,18,X
34,34,568,A,NA,196,346000,4704000,169,1,NA,NA,NA,NA,NA,NA,65,1,2,18,X
34,34,569,A,NA,196,346000,4703000,169,1,NA,NA,NA,NA,NA,NA,65,1,2,18,X
34,34,570,A,NA,196,347000,4703000,169,1,NA,NA,NA,NA,NA,NA,,1,2,18,X
34,34,571,A,NA,196,345000,4702000,91,1,NA,NA,NA,NA,NA,NA,80,1,2,18,X
34,34,572,A,NA,196,346000,4702000,231,1,NA,NA,NA,NA,NA,NA,65,1,2,18,X
34,34,573,A,NA,196,347000,4702000,91,1,NA,NA,NA,NA,NA,NA,55,1,2,18,X
34,34,574,A,NA,196,347000,4701000,91,1,NA,NA,NA,NA,NA,NA,60,1,2,18,X
34,34,575,A,NA,196,346000,4700000,91,1,NA,NA,NA,NA,NA,NA,60,1,2,18,X
34,34,576,A,NA,196,346000,4698000,91,1,NA,NA,NA,NA,NA,NA,70,1,2,18,X
34,34,577,A,NA,196,346000,4697000,91,1,NA,NA,NA,NA,NA,NA,65,1,2,18,X
34,34,578,A,NA,196,347000,4697000,91,1,NA,NA,NA,NA,NA,NA,65,1,2,18,X
34,34,579,A,NA,196,344000,4696000,91,1,NA,NA,NA,NA,NA,NA,60,1,1,18,X
34,34,580,A,NA,196,346000,4694000,94,1,NA,NA,NA,NA,NA,NA,60,1,2,18,X
34,34,581,A,NA,197,348000,4707000,169,1,NA,NA,NA,NA,NA,NA,70,1,2,18,X
34,34,582,A,NA,197,348000,4706000,169,1,NA,NA,NA,NA,NA,NA,80,1,1,18,X
34,34,583,A,NA,197,359000,4706000,126,1,NA,NA,NA,NA,NA,NA,80,5,2,18,X
34,34,584,A,NA,197,372000,4706000,228,1,NA,NA,NA,NA,NA,NA,,1,2,18,X
34,34,585,A,NA,197,348000,4705000,169,1,NA,NA,NA,NA,NA,NA,90,1,2,18,X
34,34,586,A,NA,197,371000,4705000,903,1,NA,NA,NA,NA,NA,NA,80,1,2,18,X
34,34,587,A,NA,197,372000,4705000,903,1,NA,NA,NA,NA,NA,NA,75,1,3,18,X
34,34,588,A,NA,197,348000,4704000,169,1,NA,NA,NA,NA,NA,NA,90,1,1,18,X
34,34,590,A,NA,197,360000,4704000,126,1,NA,NA,NA,NA,NA,NA,65,5,2,18,X
34,34,591,A,NA,197,350000,4703000,169,1,NA,NA,NA,NA,NA,NA,85,1,2,18,X
34,34,592,A,NA,197,348000,4702000,231,1,NA,NA,NA,NA,NA,NA,85,1,2,18,X
34,34,593,A,NA,197,361000,4702000,147,1,NA,NA,NA,NA,NA,NA,80,1,2,18,X
34,34,594,A,NA,197,348000,4701000,231,1,NA,NA,NA,NA,NA,NA,70,1,2,18,X
34,34,596,A,NA,197,362000,4699000,175,1,NA,NA,NA,NA,NA,NA,90,1,2,18,X
34,34,597,A,NA,197,363000,4697000,175,1,NA,NA,NA,NA,NA,NA,90,1,NA,18,X
34,34,598,A,NA,197,348000,4696000,94,1,NA,NA,NA,NA,NA,NA,60,6,2,18,X
34,34,599,A,NA,197,348000,4695000,94,1,NA,NA,NA,NA,NA,NA,80,1,2,18,X
34,34,600,A,NA,197,364000,4695000,175,1,NA,NA,NA,NA,NA,NA,75,1,1,18,X
34,34,601,A,NA,197,348000,4694000,94,1,NA,NA,NA,NA,NA,NA,,1,3,18,X
34,34,602,A,NA,197,348000,4693000,94,1,NA,NA,NA,NA,NA,NA,75,1,2,18,X
34,34,603,A,NA,197,365000,4693000,236,1,NA,NA,NA,NA,NA,NA,85,1,2,18,X
34,34,604,A,NA,197,348000,4692000,94,1,NA,NA,NA,NA,NA,NA,80,1,2,18,X
34,34,605,A,NA,197,349000,4692000,94,1,NA,NA,NA,NA,NA,NA,85,1,1,18,X
34,34,606,A,NA,197,356000,4692000,NA,3,NA,NA,NA,NA,NA,NA,,1,0,18,X
34,34,607,A,NA,197,366000,4692000,112,1,NA,NA,NA,NA,NA,NA,85,1,2,18,X
34,34,608,A,NA,197,349000,4691000,94,1,NA,NA,NA,NA,NA,NA,60,1,2,18,X
34,34,610,A,NA,197,367000,4691000,47,1,NA,NA,NA,NA,NA,NA,85,1,2,18,X
34,34,611,A,NA,197,350000,4690000,55,NA,NA,NA,NA,NA,NA,NA,65,1,2,18,X
34,34,612,A,NA,197,367000,4690000,47,NA,NA,NA,NA,NA,NA,NA,90,1,2,18,X
34,34,613,A,NA,198,385000,4706000,229,1,NA,NA,NA,NA,NA,NA,,1,2,18,X
34,34,616,A,NA,198,379000,4705000,25,1,NA,NA,NA,NA,NA,NA,70,1,3,18,X
34,34,617,A,NA,198,377000,4704000,25,1,NA,NA,NA,NA,NA,NA,70,1,2,18,X
34,34,621,A,NA,198,384000,4703000,71,1,NA,NA,NA,NA,NA,NA,70,1,1,18,X
34,34,622,A,NA,198,397000,4703000,83,1,NA,NA,NA,NA,NA,NA,50,1,1,18,X
34,34,623,A,NA,198,384000,4702000,71,1,NA,NA,NA,NA,NA,NA,70,1,1,18,X
34,34,624,A,NA,198,391000,4702000,901,1,NA,NA,NA,NA,NA,NA,70,1,2,18,X
34,34,625,A,NA,198,392000,4702000,83,1,NA,NA,NA,NA,NA,NA,70,1,3,18,X
34,34,627,A,NA,198,384000,4701000,71,1,NA,NA,NA,NA,NA,NA,70,1,1,18,X
34,34,628,A,NA,198,390000,4701000,901,1,NA,NA,NA,NA,NA,NA,85,1,3,18,X
34,34,629,A,NA,198,391000,4701000,901,1,NA,NA,NA,NA,NA,NA,80,1,3,18,X
34,34,630,A,NA,198,391000,4700000,901,1,NA,NA,NA,NA,NA,NA,25,1,1,18,X
34,34,632,A,NA,198,395000,4693000,116,1,NA,NA,NA,NA,NA,NA,60,1,1,18,X
34,34,635,A,NA,235,350000,4688000,55,1,NA,NA,NA,NA,NA,NA,65,1,1,18,X
34,34,636,A,NA,235,367000,4686000,47,1,NA,NA,NA,NA,NA,NA,50,5,1,18,X
34,34,637,A,NA,235,366000,4683000,NA,NA,NA,NA,NA,NA,NA,NA,,1,0,18,X
34,34,639,A,NA,235,367000,4681000,47,1,NA,NA,NA,NA,NA,NA,,1,1,18,X
34,34,640,A,NA,235,368000,4678000,243,1,NA,NA,NA,NA,NA,NA,,1,1,18,X
34,34,641,A,NA,235,368000,4677000,243,1,NA,NA,NA,NA,NA,NA,70,1,1,18,X
34,34,642,A,NA,235,369000,4675000,99,1,NA,NA,NA,NA,NA,NA,85,1,NA,18,X
34,34,643,A,NA,235,370000,4674000,99,1,NA,NA,NA,NA,NA,NA,50,1,1,14,X
34,34,644,A,NA,235,372000,4671000,159,1,NA,NA,NA,NA,NA,NA,65,1,1,14,X
34,34,649,A,NA,236,389000,4673000,174,1,NA,NA,NA,NA,NA,NA,55,1,2,14,X
34,34,650,A,NA,236,390000,4673000,17,1,NA,NA,NA,NA,NA,NA,65,1,1,14,X
34,34,651,A,NA,236,398000,4673000,17,2,NA,NA,NA,NA,NA,NA,65,1,1,14,X
34,34,653,A,NA,236,399000,4672000,17,1,NA,NA,NA,NA,NA,NA,65,1,1,14,X
34,34,657,A,NA,236,390000,4670000,17,1,NA,NA,NA,NA,NA,NA,75,1,2,14,X
34,34,658,A,NA,236,395000,4670000,17,1,NA,NA,NA,NA,NA,NA,80,1,2,14,X
34,34,659,A,NA,273,373000,4669000,155,1,NA,NA,NA,NA,NA,NA,20,1,2,14,X
34,34,660,A,NA,273,366000,4668000,29,1,NA,NA,NA,NA,NA,NA,75,1,1,14,X
34,34,661,A,NA,273,348000,4659000,1,1,NA,NA,NA,NA,NA,NA,65,1,1,14,X
34,34,662,A,NA,273,373000,4656000,120,1,NA,NA,NA,NA,NA,NA,70,1,1,14,X
34,34,663,A,NA,273,369000,4653000,120,1,NA,NA,NA,NA,NA,NA,65,1,2,14,X
34,34,664,A,NA,274,388000,4668000,17,1,NA,NA,NA,NA,NA,NA,60,1,2,14,X
34,34,666,A,NA,274,400000,4666000,186,1,NA,NA,NA,NA,NA,NA,35,1,2,14,X
34,34,667,A,NA,274,384000,4664000,11,1,NA,NA,NA,NA,NA,NA,35,1,2,14,X
34,34,668,A,NA,274,388000,4664000,17,1,NA,NA,NA,NA,NA,NA,20,1,2,14,X
34,34,670,A,NA,274,398000,4664000,186,1,NA,NA,NA,NA,NA,NA,30,1,3,14,X
34,34,674,A,NA,274,390000,4662000,17,1,NA,NA,NA,NA,NA,NA,65,1,2,14,X
34,34,675,A,NA,274,394000,4662000,63,1,NA,NA,NA,NA,NA,NA,70,1,2,14,X
34,34,676,A,NA,274,400000,4662000,141,NA,NA,NA,NA,NA,NA,NA,40,1,NA,14,X
34,34,678,A,NA,274,388000,4660000,221,1,NA,NA,NA,NA,NA,NA,50,1,2,14,X
34,34,679,A,NA,274,394000,4660000,182,1,NA,NA,NA,NA,NA,NA,40,1,2,14,X
34,34,680,A,NA,274,398000,4660000,63,1,NA,NA,NA,NA,NA,NA,60,1,1,14,X
34,34,682,A,NA,274,384000,4658000,189,1,NA,NA,NA,NA,NA,NA,45,1,2,14,X
34,34,683,A,NA,274,396000,4658000,63,1,NA,NA,NA,NA,NA,NA,50,1,3,14,X
34,34,686,A,NA,274,380000,4654000,217,1,NA,NA,NA,NA,NA,NA,30,1,2,14,X
34,34,687,A,NA,274,377000,4653000,217,1,NA,NA,NA,NA,NA,NA,50,1,2,14,X
34,34,689,A,NA,274,380000,4652000,217,1,NA,NA,NA,NA,NA,NA,30,1,1,14,X
34,34,690,A,NA,275,404000,4663000,121,1,NA,NA,NA,NA,NA,NA,60,1,1,14,X
34,34,692,A,NA,275,407000,4657000,210,1,NA,NA,NA,NA,NA,NA,40,1,1,14,X
34,34,693,A,NA,275,414000,4656000,60,1,NA,NA,NA,NA,NA,NA,60,1,2,14,X
34,34,695,A,NA,275,402000,4654000,84,1,NA,NA,NA,NA,NA,NA,40,1,1,14,X
34,34,697,A,NA,275,414000,4654000,NA,1,NA,NA,NA,NA,NA,NA,10,1,0,14,X
34,34,699,A,NA,275,406000,4652000,178,1,NA,NA,NA,NA,NA,NA,40,1,1,14,X
34,34,701,A,NA,311,371000,4649000,120,1,NA,NA,NA,NA,NA,NA,55,1,1,14,X
34,34,702,A,NA,311,370000,4648000,120,1,NA,NA,NA,NA,NA,NA,65,1,2,14,X
34,34,703,A,NA,311,372000,4648000,120,1,NA,NA,NA,NA,NA,NA,55,1,2,14,X
34,34,705,A,NA,311,372000,4647000,120,1,NA,NA,NA,NA,NA,NA,65,1,2,14,X
34,34,706,A,NA,311,370000,4646000,120,1,NA,NA,NA,NA,NA,NA,80,1,1,14,X
34,34,707,A,NA,311,372000,4646000,120,1,NA,NA,NA,NA,NA,NA,75,1,2,14,X
34,34,708,A,NA,311,353000,4645000,10,1,NA,NA,NA,NA,NA,NA,50,1,2,14,X
34,34,709,A,NA,311,354000,4645000,10,1,NA,NA,NA,NA,NA,NA,50,1,1,14,X
34,34,711,A,NA,311,370000,4644000,120,1,NA,NA,NA,NA,NA,NA,65,1,1,14,X
34,34,712,A,NA,311,371000,4643000,69,1,NA,NA,NA,NA,NA,NA,75,1,2,14,X
34,34,714,A,NA,311,370000,4642000,69,1,NA,NA,NA,NA,NA,NA,70,1,2,14,X
34,34,715,A,NA,311,364000,4640000,69,1,NA,NA,NA,NA,NA,NA,70,1,2,14,X
34,34,717,A,NA,311,356000,4639000,10,1,NA,NA,NA,NA,NA,NA,75,1,2,14,X
34,34,718,A,NA,311,357000,4639000,10,1,NA,NA,NA,NA,NA,NA,75,1,2,14,X
34,34,719,A,NA,311,358000,4639000,10,1,NA,NA,NA,NA,NA,NA,75,1,2,14,X
34,34,721,A,NA,311,350000,4638000,10,1,NA,NA,NA,NA,NA,NA,65,1,2,14,X
34,34,722,A,NA,311,352000,4638000,10,1,NA,NA,NA,NA,NA,NA,10,1,2,14,X
34,34,723,A,NA,311,353000,4638000,10,1,NA,NA,NA,NA,NA,NA,60,1,2,14,X
34,34,724,A,NA,311,366000,4638000,69,1,NA,NA,NA,NA,NA,NA,70,1,2,14,X
34,34,725,A,NA,311,368000,4638000,69,1,NA,NA,NA,NA,NA,NA,35,1,2,14,X
34,34,727,A,NA,311,353000,4637000,10,1,NA,NA,NA,NA,NA,NA,60,1,2,14,X
34,34,728,A,NA,311,352000,4636000,10,1,NA,NA,NA,NA,NA,NA,60,1,2,14,X
34,34,730,A,NA,311,371000,4633000,69,1,NA,NA,NA,NA,NA,NA,55,1,1,14,X
34,34,732,A,NA,312,381000,4647000,98,1,NA,NA,NA,NA,NA,NA,70,1,1,14,X
34,34,733,A,NA,312,386000,4647000,146,1,NA,NA,NA,NA,NA,NA,35,1,1,14,X
34,34,735,A,NA,312,384000,4644000,177,1,NA,NA,NA,NA,NA,NA,50,1,2,14,X
34,34,736,A,NA,312,392000,4644000,238,1,NA,NA,NA,NA,NA,NA,60,1,1,14,X
34,34,737,A,NA,312,381000,4643000,86,1,NA,NA,NA,NA,NA,NA,50,1,2,14,X
34,34,738,A,NA,312,383000,4643000,86,NA,NA,NA,NA,NA,NA,NA,15,1,NA,14,X
34,34,739,A,NA,312,398000,4643000,22,NA,NA,NA,NA,NA,NA,NA,30,1,NA,14,X
34,34,740,A,NA,312,379000,4640000,181,1,NA,NA,NA,NA,NA,NA,60,1,2,14,X
34,34,741,A,NA,312,383000,4640000,86,1,NA,NA,NA,NA,NA,NA,40,1,1,14,X
34,34,742,A,NA,312,388000,4640000,196,1,NA,NA,NA,NA,NA,NA,50,1,1,14,X
34,34,743,A,NA,312,387000,4639000,196,1,NA,NA,NA,NA,NA,NA,50,1,2,14,X
34,34,745,A,NA,312,377000,4637000,181,1,NA,NA,NA,NA,NA,NA,35,1,1,14,X
34,34,748,A,NA,312,399000,4637000,205,NA,NA,NA,NA,NA,NA,NA,20,1,NA,14,X
34,34,750,A,NA,312,394000,4636000,51,1,NA,NA,NA,NA,NA,NA,65,1,1,14,X
34,34,753,A,NA,312,380000,4633000,NA,NA,NA,NA,NA,NA,NA,NA,,1,0,14,X
34,34,755,A,NA,313,404000,4650000,22,1,NA,NA,NA,NA,NA,NA,50,1,2,14,X
34,34,756,A,NA,313,406000,4650000,22,1,NA,NA,NA,NA,NA,NA,50,1,1,14,X
34,34,758,A,NA,313,406000,4644000,22,1,NA,NA,NA,NA,NA,NA,60,1,2,14,X
34,34,759,A,NA,313,404000,4642000,22,1,NA,NA,NA,NA,NA,NA,60,1,3,14,X
34,34,760,A,NA,313,406000,4642000,22,1,NA,NA,NA,NA,NA,NA,80,1,2,14,X
34,34,761,A,NA,313,410000,4642000,12,1,NA,NA,NA,NA,NA,NA,5,1,2,14,X
34,34,763,A,NA,313,406000,4638000,205,1,NA,NA,NA,NA,NA,NA,45,1,2,14,X
34,34,764,A,NA,313,412000,4638000,NA,1,NA,NA,NA,NA,NA,NA,50,1,0,14,X
34,34,765,A,NA,313,416000,4638000,121,1,NA,NA,NA,NA,NA,NA,30,1,2,14,X
34,34,766,A,NA,313,404000,4636000,NA,1,NA,NA,NA,NA,NA,NA,30,1,0,14,X
34,34,767,A,NA,313,404000,4634000,58,1,NA,NA,NA,NA,NA,NA,40,1,1,14,X
34,34,768,A,NA,343,352000,4632000,10,1,NA,NA,NA,NA,NA,NA,40,1,2,14,X
34,34,771,A,NA,344,386000,4632000,6,1,NA,NA,NA,NA,NA,NA,45,1,2,14,X
34,34,772,A,NA,344,387000,4632000,6,NA,NA,NA,NA,NA,NA,NA,45,1,NA,14,X
34,34,774,A,NA,344,381000,4630000,133,1,NA,NA,NA,NA,NA,NA,70,1,2,14,X
34,34,775,A,NA,344,390000,4630000,201,NA,NA,NA,NA,NA,NA,NA,60,1,NA,14,X
34,34,777,A,NA,344,394000,4630000,NA,1,NA,NA,NA,NA,NA,NA,20,1,0,14,X
34,34,778,A,NA,344,396000,4630000,NA,1,NA,NA,NA,NA,NA,NA,40,1,0,14,X
34,34,779,A,NA,344,398000,4630000,82,1,NA,NA,NA,NA,NA,NA,70,1,1,14,X
34,34,780,A,NA,344,378000,4629000,66,1,NA,NA,NA,NA,NA,NA,75,1,1,14,X
34,34,781,A,NA,344,388000,4629000,6,1,NA,NA,NA,NA,NA,NA,70,1,1,14,X
34,34,783,A,NA,344,390000,4628000,NA,1,NA,NA,NA,NA,NA,NA,40,1,0,14,X
34,34,786,A,NA,345,404000,4631000,82,1,NA,NA,NA,NA,NA,NA,50,1,2,14,X
34,34,787,A,NA,345,402000,4629000,82,1,NA,NA,NA,NA,NA,NA,50,1,2,14,X
34,34,789,A,NA,345,413000,4627000,50,1,NA,NA,NA,NA,NA,NA,15,1,2,14,X
34,34,1000,N,NA,81,375000,4766000,NA,NA,NA,NA,NA,NA,NA,NA,80,1,0,24,X
34,34,1001,N,NA,82,380000,4764000,NA,NA,NA,NA,NA,NA,NA,NA,70,1,0,20,X
34,34,1002,N,NA,105,346000,4747000,NA,NA,NA,NA,NA,NA,NA,NA,60,1,0,24,X
34,34,1003,N,NA,106,368000,4761000,NA,NA,NA,NA,NA,NA,NA,NA,15,1,0,24,X
34,34,1004,N,NA,106,364000,4758000,NA,NA,NA,NA,NA,NA,NA,NA,35,1,0,23,X
34,34,1005,N,NA,106,355000,4757000,NA,NA,NA,NA,NA,NA,NA,NA,10,1,0,24,X
34,34,1006,N,NA,106,365000,4757000,NA,NA,NA,NA,NA,NA,NA,NA,60,1,0,24,X
34,34,1007,N,NA,106,372000,4757000,NA,NA,NA,NA,NA,NA,NA,NA,30,1,0,24,X
34,34,1008,N,NA,106,353000,4756000,NA,NA,NA,NA,NA,NA,NA,NA,10,1,0,24,X
34,34,1009,N,NA,106,357000,4756000,NA,NA,NA,NA,NA,NA,NA,NA,10,1,0,24,X
34,34,1010,N,NA,106,354000,4755000,NA,NA,NA,NA,NA,NA,NA,NA,10,1,0,24,X
34,34,1011,N,NA,106,360000,4755000,NA,NA,NA,NA,NA,NA,NA,NA,10,1,0,24,X
34,34,1012,N,NA,106,375000,4755000,NA,NA,NA,NA,NA,NA,NA,NA,75,1,0,24,X
34,34,1013,N,NA,106,362000,4754000,NA,NA,NA,NA,NA,NA,NA,NA,30,1,0,24,X
34,34,1014,N,NA,106,354000,4753000,NA,NA,NA,NA,NA,NA,NA,NA,55,1,0,24,X
34,34,1015,N,NA,106,371000,4753000,NA,NA,NA,NA,NA,NA,NA,NA,50,1,0,24,X
34,34,1016,N,NA,106,351000,4752000,NA,NA,NA,NA,NA,NA,NA,NA,30,1,0,24,X
34,34,1017,N,NA,106,375000,4752000,NA,NA,NA,NA,NA,NA,NA,NA,70,1,0,24,X
34,34,1018,N,NA,106,354000,4751000,NA,NA,NA,NA,NA,NA,NA,NA,75,1,0,24,X
34,34,1019,N,NA,106,369000,4751000,NA,NA,NA,NA,NA,NA,NA,NA,65,1,0,24,X
34,34,1020,N,NA,106,371000,4750000,NA,NA,NA,NA,NA,NA,NA,NA,40,1,0,24,X
34,34,1021,N,NA,106,354000,4749000,NA,NA,NA,NA,NA,NA,NA,NA,75,1,0,24,X
34,34,1022,N,NA,106,370000,4749000,NA,NA,NA,NA,NA,NA,NA,NA,65,1,0,24,X
34,34,1023,N,NA,106,375000,4749000,NA,NA,NA,NA,NA,NA,NA,NA,20,1,0,24,X
34,34,1024,N,NA,106,354000,4748000,NA,NA,NA,NA,NA,NA,NA,NA,20,1,0,24,X
34,34,1025,N,NA,106,352000,4746000,NA,NA,NA,NA,NA,NA,NA,NA,70,1,0,24,X
34,34,1026,N,NA,106,354000,4746000,NA,NA,NA,NA,NA,NA,NA,NA,75,1,0,24,X
34,34,1027,N,NA,106,355000,4745000,NA,NA,NA,NA,NA,NA,NA,NA,40,1,0,24,X
34,34,1028,N,NA,106,359000,4745000,NA,NA,NA,NA,NA,NA,NA,NA,10,1,0,24,X
34,34,1029,N,NA,106,361000,4745000,NA,NA,NA,NA,NA,NA,NA,NA,5,1,0,24,X
34,34,1030,N,NA,106,373000,4744000,NA,NA,NA,NA,NA,NA,NA,NA,65,1,0,24,X
34,34,1031,N,NA,106,374000,4744000,NA,NA,NA,NA,NA,NA,NA,NA,65,1,0,24,X
34,34,1032,N,NA,107,381000,4762000,NA,NA,NA,NA,NA,NA,NA,NA,60,1,0,20,X
34,34,1033,N,NA,107,377000,4761000,NA,NA,NA,NA,NA,NA,NA,NA,50,1,0,20,X
34,34,1034,N,NA,107,388000,4760000,NA,NA,NA,NA,NA,NA,NA,NA,70,1,0,20,X
34,34,1035,N,NA,107,381000,4759000,NA,NA,NA,NA,NA,NA,NA,NA,85,1,0,20,X
34,34,1036,N,NA,107,384000,4757000,NA,NA,NA,NA,NA,NA,NA,NA,85,1,0,20,X
34,34,1037,N,NA,107,381000,4756000,NA,NA,NA,NA,NA,NA,NA,NA,80,1,0,20,X
34,34,1038,N,NA,107,380000,4755000,NA,NA,NA,NA,NA,NA,NA,NA,65,1,0,20,X
34,34,1039,N,NA,107,377000,4754000,NA,NA,NA,NA,NA,NA,NA,NA,70,1,0,20,X
34,34,1040,N,NA,107,379000,4754000,NA,NA,NA,NA,NA,NA,NA,NA,65,1,0,20,X
34,34,1041,N,NA,107,386000,4754000,NA,NA,NA,NA,NA,NA,NA,NA,25,1,0,20,X
34,34,1042,N,NA,107,376000,4753000,NA,NA,NA,NA,NA,NA,NA,NA,70,1,0,24,X
34,34,1043,N,NA,107,389000,4753000,NA,NA,NA,NA,NA,NA,NA,NA,90,1,0,20,X
34,34,1044,N,NA,107,391000,4753000,NA,NA,NA,NA,NA,NA,NA,NA,80,1,0,20,X
34,34,1045,N,NA,107,386000,4752000,NA,NA,NA,NA,NA,NA,NA,NA,40,1,0,20,X
34,34,1046,N,NA,107,382000,4751000,NA,NA,NA,NA,NA,NA,NA,NA,45,1,0,20,X
34,34,1047,N,NA,107,391000,4751000,NA,NA,NA,NA,NA,NA,NA,NA,80,1,0,20,X
34,34,1048,N,NA,107,394000,4751000,NA,NA,NA,NA,NA,NA,NA,NA,90,1,0,20,X
34,34,1049,N,NA,107,392000,4750000,NA,NA,NA,NA,NA,NA,NA,NA,30,1,0,20,X
34,34,1050,N,NA,107,379000,4749000,NA,NA,NA,NA,NA,NA,NA,NA,85,1,0,20,X
34,34,1051,N,NA,107,391000,4748000,NA,NA,NA,NA,NA,NA,NA,NA,70,1,0,20,X
34,34,1052,N,NA,107,378000,4747000,NA,NA,NA,NA,NA,NA,NA,NA,60,1,0,20,X
34,34,1053,N,NA,107,386000,4747000,NA,NA,NA,NA,NA,NA,NA,NA,70,1,0,20,X
34,34,1054,N,NA,107,392000,4746000,NA,NA,NA,NA,NA,NA,NA,NA,50,1,0,20,X
34,34,1055,N,NA,107,379000,4745000,NA,NA,NA,NA,NA,NA,NA,NA,80,1,0,20,X
34,34,1056,N,NA,107,398000,4745000,NA,NA,NA,NA,NA,NA,NA,NA,30,1,0,20,X
34,34,1057,N,NA,107,377000,4744000,NA,NA,NA,NA,NA,NA,NA,NA,70,1,0,20,X
34,34,1058,N,NA,107,394000,4744000,NA,NA,NA,NA,NA,NA,NA,NA,50,1,0,20,X
34,34,1059,N,NA,108,404000,4744000,NA,NA,NA,NA,NA,NA,NA,NA,75,1,0,20,X
34,34,1060,N,NA,108,407000,4744000,NA,NA,NA,NA,NA,NA,NA,NA,75,1,0,20,X
34,34,1061,N,NA,131,348000,4743000,NA,NA,NA,NA,NA,NA,NA,NA,80,1,0,24,X
34,34,1062,N,NA,131,348000,4741000,NA,NA,NA,NA,NA,NA,NA,NA,85,1,0,24,X
34,34,1063,N,NA,131,344000,4737000,NA,NA,NA,NA,NA,NA,NA,NA,20,1,0,21,X
34,34,1064,N,NA,131,342000,4735000,NA,NA,NA,NA,NA,NA,NA,NA,30,1,0,21,X
34,34,1065,N,NA,132,354000,4744000,NA,NA,NA,NA,NA,NA,NA,NA,70,1,0,24,X
34,34,1066,N,NA,132,358000,4743000,NA,NA,NA,NA,NA,NA,NA,NA,75,1,0,24,X
34,34,1067,N,NA,132,361000,4743000,NA,NA,NA,NA,NA,NA,NA,NA,75,1,0,24,X
34,34,1068,N,NA,132,350000,4742000,NA,NA,NA,NA,NA,NA,NA,NA,15,1,0,24,X
34,34,1069,N,NA,132,353000,4742000,NA,NA,NA,NA,NA,NA,NA,NA,40,1,0,24,X
34,34,1070,N,NA,132,355000,4742000,NA,NA,NA,NA,NA,NA,NA,NA,65,1,0,24,X
34,34,1071,N,NA,132,362000,4742000,NA,NA,NA,NA,NA,NA,NA,NA,60,1,0,24,X
34,34,1072,N,NA,132,351000,4741000,NA,NA,NA,NA,NA,NA,NA,NA,85,1,0,24,X
34,34,1073,N,NA,132,357000,4741000,NA,NA,NA,NA,NA,NA,NA,NA,70,1,0,24,X
34,34,1074,N,NA,132,364000,4741000,NA,NA,NA,NA,NA,NA,NA,NA,50,1,0,24,X
34,34,1075,N,NA,132,360000,4740000,NA,NA,NA,NA,NA,NA,NA,NA,35,1,0,24,X
34,34,1076,N,NA,132,361000,4739000,NA,NA,NA,NA,NA,NA,NA,NA,80,1,0,24,X
34,34,1077,N,NA,132,367000,4739000,NA,NA,NA,NA,NA,NA,NA,NA,80,1,0,24,X
34,34,1078,N,NA,132,349000,4738000,NA,NA,NA,NA,NA,NA,NA,NA,60,1,0,21,X
34,34,1079,N,NA,132,355000,4738000,NA,NA,NA,NA,NA,NA,NA,NA,70,1,0,21,X
34,34,1080,N,NA,132,349000,4737000,NA,NA,NA,NA,NA,NA,NA,NA,60,1,0,21,X
34,34,1081,N,NA,132,357000,4737000,NA,NA,NA,NA,NA,NA,NA,NA,60,1,0,21,X
34,34,1082,N,NA,132,366000,4737000,NA,NA,NA,NA,NA,NA,NA,NA,25,1,0,23,X
34,34,1083,N,NA,132,370000,4736000,NA,NA,NA,NA,NA,NA,NA,NA,80,1,0,23,X
34,34,1084,N,NA,132,362000,4735000,NA,NA,NA,NA,NA,NA,NA,NA,75,1,0,21,X
34,34,1085,N,NA,132,349000,4734000,NA,NA,NA,NA,NA,NA,NA,NA,75,1,0,21,X
34,34,1086,N,NA,132,367000,4734000,NA,NA,NA,NA,NA,NA,NA,NA,35,1,0,23,X
34,34,1087,N,NA,132,363000,4733000,NA,NA,NA,NA,NA,NA,NA,NA,65,1,0,21,X
34,34,1088,N,NA,132,361000,4732000,NA,NA,NA,NA,NA,NA,NA,NA,80,1,0,21,X
34,34,1089,N,NA,132,351000,4731000,NA,NA,NA,NA,NA,NA,NA,NA,65,1,0,21,X
34,34,1090,N,NA,132,362000,4731000,NA,NA,NA,NA,NA,NA,NA,NA,60,1,0,21,X
34,34,1091,N,NA,132,364000,4730000,NA,NA,NA,NA,NA,NA,NA,NA,35,1,0,21,X
34,34,1092,N,NA,132,373000,4730000,NA,NA,NA,NA,NA,NA,NA,NA,35,1,0,23,X
34,34,1093,N,NA,132,365000,4729000,NA,NA,NA,NA,NA,NA,NA,NA,35,1,0,23,X
34,34,1094,N,NA,132,370000,4729000,NA,NA,NA,NA,NA,NA,NA,NA,35,1,0,23,X
34,34,1095,N,NA,132,371000,4728000,NA,NA,NA,NA,NA,NA,NA,NA,50,1,0,23,X
34,34,1096,N,NA,132,367000,4726000,NA,NA,NA,NA,NA,NA,NA,NA,60,1,0,23,X
34,34,1097,N,NA,133,377000,4743000,NA,NA,NA,NA,NA,NA,NA,NA,70,1,0,20,X
34,34,1098,N,NA,133,387000,4743000,NA,NA,NA,NA,NA,NA,NA,NA,65,1,0,20,X
34,34,1099,N,NA,133,394000,4742000,NA,NA,NA,NA,NA,NA,NA,NA,45,1,0,20,X
34,34,1100,N,NA,133,382000,4741000,NA,NA,NA,NA,NA,NA,NA,NA,55,1,0,20,X
34,34,1101,N,NA,133,387000,4741000,NA,NA,NA,NA,NA,NA,NA,NA,70,1,0,20,X
34,34,1102,N,NA,133,378000,4739000,NA,NA,NA,NA,NA,NA,NA,NA,15,1,0,20,X
34,34,1103,N,NA,133,396000,4739000,NA,NA,NA,NA,NA,NA,NA,NA,65,1,0,20,X
34,34,1104,N,NA,133,402000,4739000,NA,NA,NA,NA,NA,NA,NA,NA,10,1,0,20,X
34,34,1105,N,NA,133,385000,4738000,NA,NA,NA,NA,NA,NA,NA,NA,15,1,0,23,X
34,34,1106,N,NA,133,379000,4737000,NA,NA,NA,NA,NA,NA,NA,NA,70,1,0,23,X
34,34,1107,N,NA,133,391000,4737000,NA,NA,NA,NA,NA,NA,NA,NA,80,1,0,23,X
34,34,1108,N,NA,133,398000,4736000,NA,NA,NA,NA,NA,NA,NA,NA,65,1,0,20,X
34,34,1109,N,NA,133,397000,4735000,NA,NA,NA,NA,NA,NA,NA,NA,65,1,0,20,X
34,34,1110,N,NA,133,379000,4733000,NA,NA,NA,NA,NA,NA,NA,NA,75,1,0,23,X
34,34,1111,N,NA,133,395000,4732000,NA,NA,NA,NA,NA,NA,NA,NA,70,1,0,20,X
34,34,1112,N,NA,133,399000,4731000,NA,NA,NA,NA,NA,NA,NA,NA,10,1,0,20,X
34,34,1113,N,NA,133,401000,4731000,NA,NA,NA,NA,NA,NA,NA,NA,75,1,0,20,X
34,34,1114,N,NA,133,384000,4730000,NA,NA,NA,NA,NA,NA,NA,NA,35,1,0,23,X
34,34,1115,N,NA,133,387000,4730000,NA,NA,NA,NA,NA,NA,NA,NA,45,1,0,23,X
34,34,1116,N,NA,133,389000,4729000,NA,NA,NA,NA,NA,NA,NA,NA,65,1,0,23,X
34,34,1117,N,NA,133,378000,4728000,NA,NA,NA,NA,NA,NA,NA,NA,80,1,0,23,X
34,34,1118,N,NA,133,380000,4728000,NA,NA,NA,NA,NA,NA,NA,NA,75,1,0,23,X
34,34,1119,N,NA,133,386000,4726000,NA,NA,NA,NA,NA,NA,NA,NA,75,1,0,23,X
34,34,1120,N,NA,134,405000,4741000,NA,NA,NA,NA,NA,NA,NA,NA,45,1,0,20,X
34,34,1121,N,NA,134,411000,4740000,NA,NA,NA,NA,NA,NA,NA,NA,80,1,0,20,X
34,34,1122,N,NA,134,408000,4738000,NA,NA,NA,NA,NA,NA,NA,NA,80,1,0,20,X
34,34,1123,N,NA,134,404000,4734000,NA,NA,NA,NA,NA,NA,NA,NA,5,1,0,20,X
34,34,1124,N,NA,163,343000,4713000,NA,NA,NA,NA,NA,NA,NA,NA,65,1,0,21,X
34,34,1125,N,NA,164,351000,4724000,NA,NA,NA,NA,NA,NA,NA,NA,70,1,0,21,X
34,34,1126,N,NA,164,375000,4724000,NA,NA,NA,NA,NA,NA,NA,NA,40,1,0,23,X
34,34,1127,N,NA,164,374000,4723000,NA,NA,NA,NA,NA,NA,NA,NA,40,1,0,23,X
34,34,1128,N,NA,164,375000,4722000,NA,NA,NA,NA,NA,NA,NA,NA,30,6,0,23,X
34,34,1129,N,NA,164,364000,4720000,NA,NA,NA,NA,NA,NA,NA,NA,70,1,0,21,X
34,34,1130,N,NA,164,375000,4719000,NA,NA,NA,NA,NA,NA,NA,NA,65,1,0,23,X
34,34,1131,N,NA,164,352000,4718000,NA,NA,NA,NA,NA,NA,NA,NA,70,1,0,21,X
34,34,1132,N,NA,164,362000,4717000,NA,NA,NA,NA,NA,NA,NA,NA,55,1,0,21,X
34,34,1133,N,NA,164,366000,4717000,NA,NA,NA,NA,NA,NA,NA,NA,75,1,0,23,X
34,34,1134,N,NA,164,354000,4716000,NA,NA,NA,NA,NA,NA,NA,NA,80,1,0,21,X
34,34,1135,N,NA,164,364000,4715000,NA,NA,NA,NA,NA,NA,NA,NA,70,1,0,21,X
34,34,1136,N,NA,164,349000,4714000,NA,NA,NA,NA,NA,NA,NA,NA,65,1,0,21,X
34,34,1137,N,NA,164,357000,4714000,NA,NA,NA,NA,NA,NA,NA,NA,80,1,0,21,X
34,34,1138,N,NA,164,360000,4713000,NA,NA,NA,NA,NA,NA,NA,NA,80,1,0,21,X
34,34,1139,N,NA,164,364000,4712000,NA,NA,NA,NA,NA,NA,NA,NA,80,1,0,18,X
34,34,1140,N,NA,164,360000,4711000,NA,NA,NA,NA,NA,NA,NA,NA,80,1,0,18,X
34,34,1141,N,NA,164,369000,4711000,NA,NA,NA,NA,NA,NA,NA,NA,80,1,0,18,X
34,34,1142,N,NA,164,363000,4710000,NA,NA,NA,NA,NA,NA,NA,NA,80,1,0,18,X
34,34,1143,N,NA,164,367000,4710000,NA,NA,NA,NA,NA,NA,NA,NA,85,1,0,18,X
34,34,1144,N,NA,164,349000,4708000,NA,NA,NA,NA,NA,NA,NA,NA,20,1,0,18,X
34,34,1145,N,NA,164,363000,4708000,NA,NA,NA,NA,NA,NA,NA,NA,85,1,0,18,X
34,34,1146,N,NA,165,380000,4725000,NA,NA,NA,NA,NA,NA,NA,NA,70,1,0,23,X
34,34,1147,N,NA,165,393000,4723000,NA,NA,NA,NA,NA,NA,NA,NA,70,1,0,23,X
34,34,1148,N,NA,165,394000,4723000,NA,NA,NA,NA,NA,NA,NA,NA,70,1,0,23,X
34,34,1149,N,NA,165,388000,4721000,NA,NA,NA,NA,NA,NA,NA,NA,55,1,0,23,X
34,34,1150,N,NA,165,388000,4719000,NA,NA,NA,NA,NA,NA,NA,NA,55,1,0,23,X
34,34,1151,N,NA,165,387000,4715000,NA,NA,NA,NA,NA,NA,NA,NA,65,1,0,23,X
34,34,1152,N,NA,165,392000,4715000,NA,NA,NA,NA,NA,NA,NA,NA,40,1,0,23,X
34,34,1153,N,NA,165,393000,4713000,NA,NA,NA,NA,NA,NA,NA,NA,70,1,0,23,X
34,34,1154,N,NA,165,381000,4711000,NA,NA,NA,NA,NA,NA,NA,NA,45,1,0,18,X
34,34,1155,N,NA,165,395000,4711000,NA,NA,NA,NA,NA,NA,NA,NA,85,1,0,18,X
34,34,1156,N,NA,165,383000,4710000,NA,NA,NA,NA,NA,NA,NA,NA,75,1,0,18,X
34,34,1157,N,NA,165,393000,4710000,NA,NA,NA,NA,NA,NA,NA,NA,30,1,0,18,X
34,34,1158,N,NA,165,391000,4709000,NA,NA,NA,NA,NA,NA,NA,NA,75,1,0,18,X
34,34,1159,N,NA,165,395000,4709000,NA,NA,NA,NA,NA,NA,NA,NA,90,1,0,18,X
34,34,1160,N,NA,165,383000,4708000,NA,NA,NA,NA,NA,NA,NA,NA,70,1,0,18,X
34,34,1161,N,NA,165,382000,4707000,NA,NA,NA,NA,NA,NA,NA,NA,40,1,0,18,X
34,34,1162,N,NA,165,391000,4707000,NA,NA,NA,NA,NA,NA,NA,NA,30,1,0,18,X
34,34,1163,N,NA,196,345000,4706000,NA,NA,NA,NA,NA,NA,NA,NA,75,1,0,18,X
34,34,1164,N,NA,196,345000,4705000,NA,NA,NA,NA,NA,NA,NA,NA,50,1,0,18,X
34,34,1165,N,NA,196,347000,4698000,NA,NA,NA,NA,NA,NA,NA,NA,60,1,0,18,X
34,34,1166,N,NA,196,347000,4695000,NA,NA,NA,NA,NA,NA,NA,NA,70,1,0,18,X
34,34,1167,N,NA,197,372000,4703000,NA,NA,NA,NA,NA,NA,NA,NA,55,6,0,18,X
34,34,1168,N,NA,197,360000,4702000,NA,NA,NA,NA,NA,NA,NA,NA,80,1,0,18,X
34,34,1169,N,NA,197,362000,4700000,NA,NA,NA,NA,NA,NA,NA,NA,80,1,0,18,X
34,34,1170,N,NA,197,364000,4696000,NA,NA,NA,NA,NA,NA,NA,NA,90,1,0,18,X
34,34,1171,N,NA,197,354000,4693000,NA,NA,NA,NA,NA,NA,NA,NA,90,1,0,18,X
34,34,1172,N,NA,197,354000,4692000,NA,NA,NA,NA,NA,NA,NA,NA,90,1,0,18,X
34,34,1173,N,NA,197,361000,4692000,NA,NA,NA,NA,NA,NA,NA,NA,80,1,0,18,X
34,34,1174,N,NA,197,354000,4691000,NA,NA,NA,NA,NA,NA,NA,NA,90,1,0,18,X
34,34,1175,N,NA,197,356000,4691000,NA,NA,NA,NA,NA,NA,NA,NA,90,1,0,18,X
34,34,1176,N,NA,198,394000,4706000,NA,NA,NA,NA,NA,NA,NA,NA,40,1,0,18,X
34,34,1177,N,NA,198,385000,4705000,NA,NA,NA,NA,NA,NA,NA,NA,80,1,0,18,X
34,34,1178,N,NA,198,394000,4704000,NA,NA,NA,NA,NA,NA,NA,NA,20,1,0,18,X
34,34,1179,N,NA,198,390000,4703000,NA,NA,NA,NA,NA,NA,NA,NA,10,1,0,18,X
34,34,1180,N,NA,198,397000,4702000,NA,NA,NA,NA,NA,NA,NA,NA,50,1,0,18,X
34,34,1181,N,NA,198,389000,4698000,NA,NA,NA,NA,NA,NA,NA,NA,65,1,0,18,X
34,34,1182,N,NA,234,342000,4688000,NA,NA,NA,NA,NA,NA,NA,NA,85,1,0,18,X
34,34,1183,N,NA,235,351000,4687000,NA,NA,NA,NA,NA,NA,NA,NA,65,1,0,18,X
34,34,1184,N,NA,235,353000,4685000,NA,NA,NA,NA,NA,NA,NA,NA,60,1,0,18,X
34,34,1185,N,NA,235,357000,4683000,NA,NA,NA,NA,NA,NA,NA,NA,20,1,0,18,X
34,34,1186,N,NA,235,366000,4681000,NA,NA,NA,NA,NA,NA,NA,NA,70,1,0,18,X
34,34,1187,N,NA,235,351000,4680000,NA,NA,NA,NA,NA,NA,NA,NA,60,1,0,18,X
34,34,1188,N,NA,235,368000,4679000,NA,NA,NA,NA,NA,NA,NA,NA,60,1,0,18,X
34,34,1189,N,NA,235,368000,4676000,NA,NA,NA,NA,NA,NA,NA,NA,55,5,0,18,X
34,34,1190,N,NA,236,396000,4686000,NA,NA,NA,NA,NA,NA,NA,NA,25,1,0,18,X
34,34,1191,N,NA,236,397000,4684000,NA,NA,NA,NA,NA,NA,NA,NA,60,1,0,18,X
34,34,1192,N,NA,236,382000,4678000,NA,NA,NA,NA,NA,NA,NA,NA,80,1,0,18,X
34,34,1193,N,NA,236,385000,4678000,NA,NA,NA,NA,NA,NA,NA,NA,85,1,0,18,X
34,34,1194,N,NA,236,401000,4671000,NA,NA,NA,NA,NA,NA,NA,NA,10,1,0,14,X
34,34,1195,N,NA,273,374000,4668000,NA,NA,NA,NA,NA,NA,NA,NA,55,4,0,14,X
34,34,1196,N,NA,273,372000,4667000,NA,NA,NA,NA,NA,NA,NA,NA,60,1,0,14,X
34,34,1197,N,NA,273,373000,4667000,NA,NA,NA,NA,NA,NA,NA,NA,80,1,0,14,X
34,34,1198,N,NA,273,372000,4666000,NA,NA,NA,NA,NA,NA,NA,NA,65,1,0,14,X
34,34,1199,N,NA,273,374000,4661000,NA,NA,NA,NA,NA,NA,NA,NA,70,1,0,14,X
34,34,1200,N,NA,273,371000,4654000,NA,NA,NA,NA,NA,NA,NA,NA,70,1,0,14,X
34,34,1201,N,NA,274,392000,4669000,NA,NA,NA,NA,NA,NA,NA,NA,60,1,0,14,X
34,34,1202,N,NA,274,380000,4667000,NA,NA,NA,NA,NA,NA,NA,NA,15,1,0,14,X
34,34,1203,N,NA,274,389000,4666000,NA,NA,NA,NA,NA,NA,NA,NA,40,1,0,14,X
34,34,1204,N,NA,274,393000,4666000,NA,NA,NA,NA,NA,NA,NA,NA,40,1,0,14,X
34,34,1205,N,NA,274,377000,4665000,NA,NA,NA,NA,NA,NA,NA,NA,65,1,0,14,X
34,34,1206,N,NA,274,390000,4665000,NA,NA,NA,NA,NA,NA,NA,NA,40,1,0,14,X
34,34,1207,N,NA,274,395000,4665000,NA,NA,NA,NA,NA,NA,NA,NA,50,1,0,14,X
34,34,1208,N,NA,274,392000,4664000,NA,NA,NA,NA,NA,NA,NA,NA,50,1,0,14,X
34,34,1209,N,NA,274,386000,4663000,NA,NA,NA,NA,NA,NA,NA,NA,45,1,0,14,X
34,34,1210,N,NA,274,383000,4662000,NA,NA,NA,NA,NA,NA,NA,NA,50,1,0,14,X
34,34,1211,N,NA,274,392000,4662000,NA,NA,NA,NA,NA,NA,NA,NA,50,1,0,14,X
34,34,1212,N,NA,274,381000,4661000,NA,NA,NA,NA,NA,NA,NA,NA,40,1,0,14,X
34,34,1213,N,NA,274,395000,4661000,NA,NA,NA,NA,NA,NA,NA,NA,50,1,0,14,X
34,34,1214,N,NA,274,383000,4660000,NA,NA,NA,NA,NA,NA,NA,NA,30,1,0,14,X
34,34,1215,N,NA,274,385000,4659000,NA,NA,NA,NA,NA,NA,NA,NA,35,1,0,14,X
34,34,1216,N,NA,274,381000,4658000,NA,NA,NA,NA,NA,NA,NA,NA,45,1,0,14,X
34,34,1217,N,NA,274,398000,4658000,NA,NA,NA,NA,NA,NA,NA,NA,40,1,0,14,X
34,34,1218,N,NA,274,385000,4656000,NA,NA,NA,NA,NA,NA,NA,NA,35,1,0,14,X
34,34,1219,N,NA,274,394000,4655000,NA,NA,NA,NA,NA,NA,NA,NA,50,1,0,14,X
34,34,1220,N,NA,274,390000,4652000,NA,NA,NA,NA,NA,NA,NA,NA,65,1,0,14,X
34,34,1221,N,NA,274,396000,4652000,NA,NA,NA,NA,NA,NA,NA,NA,45,1,0,14,X
34,34,1222,N,NA,274,401000,4651000,NA,NA,NA,NA,NA,NA,NA,NA,50,1,0,14,X
34,34,1223,N,NA,275,411000,4669000,NA,NA,NA,NA,NA,NA,NA,NA,40,1,0,14,X
34,34,1224,N,NA,275,402000,4663000,NA,NA,NA,NA,NA,NA,NA,NA,5,1,0,14,X
34,34,1225,N,NA,275,404000,4662000,NA,NA,NA,NA,NA,NA,NA,NA,40,1,0,14,X
34,34,1226,N,NA,275,416000,4654000,NA,NA,NA,NA,NA,NA,NA,NA,10,1,0,14,X
34,34,1227,N,NA,275,414000,4652000,NA,NA,NA,NA,NA,NA,NA,NA,15,1,0,14,X
34,34,1228,N,NA,311,373000,4637000,NA,NA,NA,NA,NA,NA,NA,NA,40,1,0,14,X
34,34,1229,N,NA,311,368000,4636000,NA,NA,NA,NA,NA,NA,NA,NA,15,1,0,14,X
34,34,1230,N,NA,311,373000,4635000,NA,NA,NA,NA,NA,NA,NA,NA,20,1,0,14,X
34,34,1231,N,NA,312,385000,4649000,NA,NA,NA,NA,NA,NA,NA,NA,65,1,0,14,X
34,34,1232,N,NA,312,375000,4648000,NA,NA,NA,NA,NA,NA,NA,NA,80,1,0,14,X
34,34,1233,N,NA,312,398000,4646000,NA,NA,NA,NA,NA,NA,NA,NA,5,1,0,14,X
34,34,1234,N,NA,312,379000,4642000,NA,NA,NA,NA,NA,NA,NA,NA,20,1,0,14,X
34,34,1235,N,NA,312,377000,4641000,NA,NA,NA,NA,NA,NA,NA,NA,20,1,0,14,X
34,34,1236,N,NA,312,378000,4641000,NA,NA,NA,NA,NA,NA,NA,NA,20,1,0,14,X
34,34,1237,N,NA,312,390000,4639000,NA,NA,NA,NA,NA,NA,NA,NA,70,1,0,14,X
34,34,1238,N,NA,312,389000,4636000,NA,NA,NA,NA,NA,NA,NA,NA,30,1,0,14,X
34,34,1239,N,NA,313,405000,4643000,NA,NA,NA,NA,NA,NA,NA,NA,80,1,0,14,X
34,34,1240,N,NA,313,403000,4640000,NA,NA,NA,NA,NA,NA,NA,NA,15,1,0,14,X
34,34,1241,N,NA,313,407000,4637000,NA,NA,NA,NA,NA,NA,NA,NA,70,1,0,14,X
34,34,1242,N,NA,313,406000,4635000,NA,NA,NA,NA,NA,NA,NA,NA,40,1,0,14,X
34,34,1243,N,NA,313,402000,4633000,NA,NA,NA,NA,NA,NA,NA,NA,15,1,0,14,X
34,34,1244,N,NA,344,397000,4632000,NA,NA,NA,NA,NA,NA,NA,NA,75,1,0,14,X
34,34,1245,N,NA,344,382000,4627000,NA,NA,NA,NA,NA,NA,NA,NA,65,1,0,14,X
34,34,1246,N,NA,345,411000,4626000,NA,NA,NA,NA,NA,NA,NA,NA,50,1,0,14,X
